id,pro_id,last_dip_qty,elapsed_hours,temperature,humidity,total_sales_qty,total_sales_count,total_purchase_qty,total_purchase_count,qty,variance,abs_variance,change_in_qty,true_label,predicted_label
1,14,5.00,0.0000,19.21,56.19,2.10,5,0.00,0,2.85,0.05,0.05,0.05,evaporation,
2,14,2.85,23.7833,11.23,52.06,0.60,3,0.00,0,2.21,0.04,0.04,0.04,evaporation,
3,14,2.21,24.4667,13.99,58.66,0.84,7,0.20,1,1.57,0.00,0.00,0.00,normal,
4,14,1.57,24.3333,12.62,60.51,0.56,8,0.52,1,1.49,0.04,0.04,0.04,evaporation,
5,14,1.49,23.9667,13.08,48.63,0.38,9,0.00,0,0.45,0.66,0.66,0.66,theft,
6,14,0.45,24.4833,9.83,44.72,0.12,4,0.00,0,0.32,0.01,0.01,0.01,normal,
7,14,0.32,23.9333,5.65,58.62,0.12,7,0.00,0,0.19,0.01,0.01,0.01,normal,
8,14,0.19,24.3333,17.31,64.52,0.02,9,0.00,0,0.16,0.01,0.01,0.01,normal,
9,14,0.16,23.8500,18.05,61.85,0.29,8,1.05,1,0.00,0.92,0.92,0.92,missing_purchase,
10,14,0.00,23.5000,15.84,50.25,0.24,3,0.80,1,0.15,0.41,0.41,0.41,theft,
11,14,0.15,24.3333,19.54,48.46,0.26,2,0.65,1,0.03,0.51,0.51,0.51,theft,
12,14,0.03,24.4000,15.12,53.34,0.08,8,0.22,1,0.16,0.01,0.01,0.01,normal,
13,14,0.16,23.5333,14.26,45.87,0.03,4,0.00,0,0.13,0.00,0.00,0.00,normal,
14,14,0.13,23.9500,19.68,59.01,0.09,3,1.50,1,0.04,1.50,1.50,1.50,missing_purchase,
15,14,0.04,24.2333,9.49,40.72,0.05,7,0.18,1,0.13,0.04,0.04,0.04,evaporation,
16,14,0.13,24.0500,11.18,57.05,0.14,7,0.35,1,0.34,-0.00,0.00,-0.00,normal,
17,14,0.34,23.7500,12.47,54.58,0.30,8,0.69,1,0.04,0.69,0.69,0.69,missing_purchase,
18,14,0.04,23.7667,15.00,62.47,0.05,9,0.21,1,0.21,-0.01,0.01,-0.01,normal,
19,14,0.21,23.9667,19.18,64.69,0.44,5,0.81,1,0.00,0.58,0.58,0.58,missing_purchase,
20,14,0.00,23.9833,17.68,44.98,0.06,4,0.25,1,0.19,0.00,0.00,0.00,normal,
21,14,0.19,23.8667,13.62,64.82,0.50,5,1.47,1,1.17,-0.01,0.01,-0.01,normal,
22,14,1.17,24.4167,15.29,58.62,0.48,5,0.95,1,1.64,0.00,0.00,0.00,normal,
23,14,1.64,23.7333,14.11,48.81,0.48,10,0.00,0,0.57,0.59,0.59,0.59,theft,
24,14,0.57,24.3000,15.81,56.48,0.31,2,0.23,1,0.02,0.47,0.47,0.47,theft,
25,14,0.02,24.1833,5.59,59.72,0.03,6,0.78,1,0.11,0.66,0.66,0.66,theft,
26,14,0.11,23.5833,18.64,48.17,0.04,9,0.16,1,0.17,0.06,0.06,0.06,evaporation,
27,14,0.17,23.8833,12.96,62.84,0.04,8,0.00,0,0.12,0.01,0.01,0.01,normal,
28,14,0.12,23.8000,16.20,48.47,0.06,2,0.68,1,0.29,0.45,0.45,0.45,theft,
29,14,0.29,23.7333,17.90,58.11,0.99,9,1.97,1,0.00,1.27,1.27,1.27,missing_purchase,
30,14,0.00,23.8833,6.35,49.86,0.06,5,0.27,1,0.18,0.03,0.03,0.03,evaporation,
31,14,0.18,24.3667,14.58,49.29,0.25,8,0.62,1,0.15,0.40,0.40,0.40,theft,
32,14,0.15,24.4333,19.15,48.20,0.05,8,0.00,0,0.09,0.01,0.01,0.01,normal,
33,14,0.09,23.8167,14.74,42.92,0.03,8,0.38,1,0.06,0.38,0.38,0.38,missing_purchase,
34,14,0.06,23.6167,6.46,62.18,0.25,9,0.74,1,0.52,0.03,0.03,0.03,evaporation,
35,14,0.52,24.2833,15.90,62.14,0.24,8,0.28,1,0.07,0.49,0.49,0.49,theft,
36,14,0.07,24.5000,19.27,40.82,0.15,8,0.73,1,0.14,0.51,0.51,0.51,theft,
37,14,0.14,23.7500,17.83,42.48,0.40,6,1.47,1,0.00,1.21,1.21,1.21,missing_purchase,
38,14,0.00,23.5500,10.97,44.75,0.27,4,1.29,1,0.98,0.04,0.04,0.04,evaporation,
39,14,0.98,24.1333,19.57,41.26,0.16,3,0.00,0,0.10,0.72,0.72,0.72,theft,
40,14,0.10,23.7167,6.03,59.13,0.20,6,0.40,1,0.30,0.00,0.00,0.00,normal,
41,14,0.30,24.3333,18.51,40.07,0.15,3,1.76,1,0.15,1.76,1.76,1.76,missing_purchase,
42,14,0.15,24.0667,8.76,44.36,0.24,1,0.65,1,0.14,0.42,0.42,0.42,theft,
43,14,0.14,23.8667,16.85,45.95,0.13,3,0.66,1,0.20,0.47,0.47,0.47,theft,
44,14,0.20,23.6333,16.13,53.15,0.27,8,0.60,1,0.08,0.45,0.45,0.45,theft,
45,14,0.08,23.8833,12.70,42.73,0.12,1,0.20,1,0.11,0.05,0.05,0.05,evaporation,
46,14,0.11,24.4667,18.00,53.04,0.12,1,0.16,1,0.09,0.06,0.06,0.06,evaporation,
47,14,0.09,24.4000,11.02,57.15,0.10,2,0.16,1,0.14,0.01,0.01,0.01,normal,
48,14,0.14,23.8333,14.12,41.64,0.11,10,0.66,1,0.14,0.55,0.55,0.55,theft,
49,14,0.14,23.8333,10.71,54.93,0.12,9,0.66,1,0.12,0.56,0.56,0.56,theft,
50,14,0.12,23.6000,16.90,42.86,0.11,9,0.15,1,0.10,0.06,0.06,0.06,evaporation,
51,14,0.10,23.7167,11.45,62.20,0.16,8,0.70,1,0.15,0.49,0.49,0.49,theft,
52,14,0.15,24.2667,6.43,50.67,0.28,3,1.43,1,0.00,1.30,1.30,1.30,missing_purchase,
53,14,0.00,24.2167,18.84,41.68,0.30,2,0.80,1,0.06,0.44,0.44,0.44,theft,
54,14,0.06,24.2833,16.08,60.29,0.07,9,0.19,1,0.18,0.00,0.00,0.00,normal,
55,14,0.18,24.2000,6.83,48.84,0.25,7,0.62,1,0.03,0.52,0.52,0.52,theft,
56,14,0.03,24.2667,5.77,47.19,0.06,9,0.83,1,0.00,0.80,0.80,0.80,missing_purchase,
57,14,0.00,23.7167,7.32,52.05,0.29,9,1.74,1,0.00,1.45,1.45,1.45,missing_purchase,
58,14,0.00,23.8833,6.72,46.96,0.19,10,0.70,1,0.48,0.03,0.03,0.03,evaporation,
59,14,0.48,24.1833,13.35,55.22,0.16,1,0.00,0,0.33,-0.01,0.01,-0.01,normal,
60,14,0.33,24.2333,27.15,53.43,0.12,3,0.90,1,0.21,0.90,0.90,0.90,missing_purchase,
61,14,0.21,24.1000,25.89,36.39,0.78,2,1.56,1,0.00,0.99,0.99,0.99,missing_purchase,
62,14,0.00,24.2833,24.37,42.52,0.17,3,0.80,1,0.15,0.48,0.48,0.48,theft,
63,14,0.15,24.2667,21.89,53.83,0.11,3,0.12,1,0.10,0.06,0.06,0.06,evaporation,
64,14,0.10,24.1500,18.60,36.63,0.06,10,0.15,1,0.19,0.00,0.00,0.00,normal,
65,14,0.19,23.7833,20.59,45.25,0.07,10,0.89,1,0.12,0.89,0.89,0.89,missing_purchase,
66,14,0.12,24.0167,24.32,41.17,0.35,1,0.67,1,0.00,0.44,0.44,0.44,missing_purchase,
67,14,0.00,23.5000,20.45,53.91,0.09,5,0.25,1,0.16,0.00,0.00,0.00,normal,
68,14,0.16,23.5000,23.97,43.61,0.17,4,0.52,1,0.00,0.51,0.51,0.51,missing_purchase,
69,14,0.00,24.0333,24.70,48.36,0.17,1,0.90,1,0.00,0.73,0.73,0.73,missing_purchase,
70,14,0.00,23.9500,18.22,53.42,0.07,10,0.25,1,0.18,0.00,0.00,0.00,normal,
71,14,0.18,24.1667,23.01,37.30,0.03,6,0.62,1,0.31,0.46,0.46,0.46,theft,
72,14,0.31,24.5000,25.42,51.64,0.03,2,0.00,0,0.28,0.00,0.00,0.00,normal,
73,14,0.28,24.1167,22.81,36.57,0.32,6,0.52,1,0.06,0.42,0.42,0.42,theft,
74,14,0.06,24.3167,20.02,45.21,0.36,6,0.81,1,0.45,0.06,0.06,0.06,evaporation,
75,14,0.45,24.3667,25.75,37.95,0.09,3,0.46,1,0.73,0.09,0.09,0.09,evaporation,
76,14,0.73,24.1833,18.90,54.03,0.45,10,1.37,1,0.28,1.37,1.37,1.37,missing_purchase,
77,14,0.28,24.3000,24.95,48.62,0.09,10,0.00,0,0.12,0.07,0.07,0.07,evaporation,
78,14,0.12,24.1667,21.79,43.80,0.35,5,1.10,1,0.00,0.87,0.87,0.87,missing_purchase,
79,14,0.00,24.1167,18.67,45.15,0.13,8,0.80,1,0.26,0.41,0.41,0.41,theft,
80,14,0.26,23.8833,27.98,36.53,0.11,10,0.00,0,0.15,0.00,0.00,0.00,normal,
81,14,0.15,23.9000,23.55,46.09,0.11,8,0.12,1,0.09,0.07,0.07,0.07,evaporation,
82,14,0.09,24.1000,25.82,41.43,0.04,1,0.18,1,0.15,0.08,0.08,0.08,evaporation,
83,14,0.15,24.3500,28.79,41.87,0.26,9,0.65,1,0.06,0.48,0.48,0.48,theft,
84,14,0.06,23.5333,20.97,43.76,0.07,3,0.21,1,0.13,0.07,0.07,0.07,evaporation,
85,14,0.13,24.4667,21.39,43.18,0.38,6,0.94,1,0.62,0.07,0.07,0.07,evaporation,
86,14,0.62,23.6000,24.70,42.73,0.52,10,0.73,1,0.10,0.73,0.73,0.73,missing_purchase,
87,14,0.10,24.4167,19.80,36.63,0.10,5,0.15,1,0.14,0.01,0.01,0.01,normal,
88,14,0.14,24.2333,25.95,37.58,0.08,9,1.51,1,0.06,1.51,1.51,1.51,missing_purchase,
89,14,0.06,23.9000,25.72,41.57,0.19,9,0.52,1,0.00,0.39,0.39,0.39,missing_purchase,
90,14,0.00,23.5833,25.75,43.47,0.16,3,0.92,1,0.00,0.76,0.76,0.76,missing_purchase,
91,14,0.00,24.5000,31.00,38.95,0.19,4,0.80,1,0.01,0.60,0.60,0.60,theft,
92,14,0.01,23.6500,29.08,36.89,0.05,9,0.79,1,0.07,0.68,0.68,0.68,theft,
93,14,0.07,24.4333,35.37,33.24,0.08,10,0.20,1,0.07,0.12,0.12,0.12,evaporation,
94,14,0.07,23.6667,30.53,33.86,0.23,3,0.73,1,0.05,0.52,0.52,0.52,theft,
95,14,0.05,23.5333,33.75,33.53,0.11,8,0.72,1,0.66,0.00,0.00,0.00,normal,
96,14,0.66,23.7500,32.33,36.17,0.18,4,0.14,1,0.14,0.48,0.48,0.48,theft,
97,14,0.14,24.5000,35.99,28.81,0.62,9,1.61,1,0.00,1.13,1.13,1.13,missing_purchase,
98,14,0.00,24.0500,33.86,23.24,0.38,1,0.95,1,0.44,0.13,0.13,0.13,evaporation,
99,14,0.44,24.4167,33.20,38.69,0.11,2,0.00,0,0.33,0.00,0.00,0.00,normal,
100,14,0.33,24.3000,30.24,28.99,0.13,2,0.00,0,0.19,0.01,0.01,0.01,normal,
101,14,0.19,23.7333,39.43,37.69,0.40,7,1.88,1,0.00,1.67,1.67,1.67,missing_purchase,
102,14,0.00,24.0333,33.24,27.72,0.05,4,0.80,1,0.34,0.41,0.41,0.41,theft,
103,14,0.34,24.4833,29.39,34.29,0.03,8,0.30,1,0.51,0.10,0.10,0.10,evaporation,
104,14,0.51,23.6333,38.62,29.38,0.76,1,1.35,1,0.00,1.10,1.10,1.10,missing_purchase,
105,14,0.00,23.7667,31.02,22.99,0.09,7,0.28,1,0.07,0.12,0.12,0.12,evaporation,
106,14,0.07,23.8000,31.33,22.44,0.31,2,0.99,1,0.76,-0.01,0.01,-0.01,normal,
107,14,0.76,24.4500,35.00,30.72,0.56,3,1.37,1,0.20,1.37,1.37,1.37,missing_purchase,
108,14,0.20,23.8000,34.01,32.30,0.18,2,0.71,1,0.02,0.71,0.71,0.71,missing_purchase,
109,14,0.02,24.0500,41.65,21.35,0.08,9,0.26,1,0.03,0.17,0.17,0.17,evaporation,
110,14,0.03,23.9000,40.23,20.87,0.18,1,0.96,1,0.00,0.81,0.81,0.81,missing_purchase,
111,14,0.00,23.8667,39.04,26.90,0.09,10,0.28,1,0.04,0.15,0.15,0.15,evaporation,
112,14,0.04,23.8500,29.87,27.05,0.39,8,1.00,1,0.64,0.01,0.01,0.01,normal,
113,14,0.64,24.0000,36.84,36.23,0.37,8,0.41,1,0.27,0.41,0.41,0.41,missing_purchase,
114,14,0.27,23.5333,32.11,20.88,0.04,5,0.64,1,0.23,0.64,0.64,0.64,missing_purchase,
115,14,0.23,24.0333,33.58,36.31,0.18,1,0.57,1,0.06,0.56,0.56,0.56,theft,
116,14,0.06,23.7000,32.01,37.24,0.15,6,1.02,1,0.82,0.11,0.11,0.11,evaporation,
117,14,0.82,23.9167,38.41,37.89,0.36,8,0.00,0,0.33,0.13,0.13,0.13,evaporation,
118,14,0.33,23.8833,40.94,30.39,0.29,7,0.47,1,0.10,0.41,0.41,0.41,theft,
119,14,0.10,24.1333,41.93,23.61,0.06,6,0.80,1,0.04,0.80,0.80,0.80,missing_purchase,
120,14,0.04,24.2000,32.14,28.92,0.26,3,0.76,1,0.05,0.49,0.49,0.49,theft,
121,14,0.05,23.8667,34.26,34.54,0.08,7,0.20,1,0.17,-0.00,0.00,-0.00,normal,
122,14,0.17,24.3333,41.27,21.50,0.04,3,0.00,0,0.12,0.01,0.01,0.01,normal,
123,14,0.12,23.6500,39.88,33.56,0.03,4,0.15,1,0.10,0.14,0.14,0.14,evaporation,
124,14,0.10,23.8833,33.07,38.99,0.09,6,0.31,1,0.21,0.11,0.11,0.11,evaporation,
125,14,0.21,24.3000,29.08,22.75,0.17,5,0.92,1,0.04,0.92,0.92,0.92,missing_purchase,
126,14,0.04,23.7500,41.45,20.52,0.36,2,0.82,1,0.50,0.00,0.00,0.00,normal,
127,14,0.50,23.7667,37.86,24.29,0.58,8,1.34,1,0.00,1.26,1.26,1.26,missing_purchase,
128,14,0.00,23.7000,29.72,37.06,0.43,8,1.07,1,0.00,0.64,0.64,0.64,missing_purchase,
129,14,0.00,23.5833,39.35,39.35,0.08,2,0.25,1,0.17,-0.00,0.00,-0.00,normal,
130,14,0.17,23.8000,40.48,37.03,0.26,3,0.63,1,0.04,0.50,0.50,0.50,theft,
131,14,0.04,24.0333,31.14,39.70,0.29,4,0.76,1,0.03,0.48,0.48,0.48,theft,
132,14,0.03,23.5167,33.05,31.45,0.11,3,0.22,1,0.14,0.00,0.00,0.00,normal,
133,14,0.14,23.5833,28.92,27.96,0.37,7,1.52,1,0.00,1.29,1.29,1.29,missing_purchase,
134,14,0.00,24.3167,33.73,31.50,0.06,6,0.80,1,0.13,0.61,0.61,0.61,theft,
135,14,0.13,23.9667,34.52,30.35,0.06,9,0.67,1,0.13,0.61,0.61,0.61,theft,
136,14,0.13,23.6833,38.75,22.58,0.19,1,0.67,1,0.04,0.57,0.57,0.57,theft,
137,14,0.04,24.0500,30.14,23.29,0.29,6,0.85,1,0.00,0.60,0.60,0.60,missing_purchase,
138,14,0.00,24.5000,41.17,37.90,0.04,9,0.25,1,0.21,0.00,0.00,0.00,normal,
139,14,0.21,24.1667,32.24,30.67,0.19,3,0.59,1,0.09,0.52,0.52,0.52,theft,
140,14,0.09,24.1167,30.16,33.17,0.08,10,0.18,1,0.09,0.10,0.10,0.10,evaporation,
141,14,0.09,24.4167,28.40,20.91,0.39,4,1.39,1,0.00,1.09,1.09,1.09,missing_purchase,
142,14,0.00,24.3167,36.01,32.36,0.03,9,0.80,1,0.27,0.50,0.50,0.50,theft,
143,14,0.27,23.8167,34.76,36.09,0.25,2,1.46,1,0.02,1.46,1.46,1.46,missing_purchase,
144,14,0.02,24.2333,28.84,28.79,0.18,4,0.78,1,0.15,0.47,0.47,0.47,theft,
145,14,0.15,23.6500,32.38,34.37,0.11,7,0.12,1,0.05,0.11,0.11,0.11,evaporation,
146,14,0.05,23.8833,35.21,22.12,0.06,8,0.71,1,0.00,0.70,0.70,0.70,missing_purchase,
147,14,0.00,23.7500,29.97,21.01,0.34,10,0.80,1,0.04,0.42,0.42,0.42,theft,
148,14,0.04,24.4167,40.63,36.27,0.08,4,0.21,1,0.17,-0.00,0.00,-0.00,normal,
149,14,0.17,24.0167,41.94,29.34,0.45,2,1.79,1,0.00,1.51,1.51,1.51,missing_purchase,
150,14,0.00,24.5000,33.51,29.14,0.04,5,0.92,1,0.76,0.12,0.12,0.12,evaporation,
151,14,0.76,24.4333,39.80,33.45,0.06,3,0.11,1,0.80,0.01,0.01,0.01,normal,
152,14,0.80,24.2667,40.56,33.07,0.26,6,0.17,1,0.57,0.14,0.14,0.14,evaporation,
153,14,0.57,23.5667,40.70,34.01,0.21,10,0.23,1,0.07,0.52,0.52,0.52,theft,
154,14,0.07,23.6167,38.90,26.93,0.44,9,0.93,1,0.00,0.56,0.56,0.56,missing_purchase,
155,14,0.00,24.5000,40.56,27.89,0.06,1,0.25,1,0.20,-0.01,0.01,-0.01,normal,
156,14,0.20,23.6333,43.00,41.08,0.03,9,0.00,0,0.18,-0.01,0.01,-0.01,normal,
157,14,0.18,24.4833,42.29,28.25,0.06,5,0.00,0,0.12,0.00,0.00,0.00,normal,
158,14,0.12,24.0333,43.80,35.65,0.26,5,0.68,1,0.08,0.46,0.46,0.46,theft,
159,14,0.08,23.5167,40.58,38.48,0.08,1,0.20,1,0.07,0.13,0.13,0.13,evaporation,
160,14,0.07,23.7667,44.77,40.66,0.07,1,0.18,1,0.18,0.00,0.00,0.00,normal,
161,14,0.18,23.6667,41.67,39.42,0.28,7,0.62,1,0.10,0.42,0.42,0.42,theft,
162,14,0.10,24.2167,39.70,36.45,0.04,8,0.17,1,0.10,0.13,0.13,0.13,evaporation,
163,14,0.10,23.6500,40.89,29.08,0.08,8,0.15,1,0.16,0.01,0.01,0.01,normal,
164,14,0.16,24.2833,43.09,39.12,0.20,9,0.64,1,0.14,0.46,0.46,0.46,theft,
165,14,0.14,24.2000,41.35,32.54,0.07,9,0.13,1,0.06,0.14,0.14,0.14,evaporation,
166,14,0.06,23.8667,42.73,42.35,0.55,5,1.46,1,0.00,0.97,0.97,0.97,missing_purchase,
167,14,0.00,24.1500,41.39,44.15,0.22,5,0.52,1,0.30,0.00,0.00,0.00,normal,
168,14,0.30,24.2500,39.45,39.10,0.13,6,0.50,1,0.12,0.55,0.55,0.55,theft,
169,14,0.12,24.4833,43.57,30.47,0.20,7,0.51,1,0.00,0.43,0.43,0.43,missing_purchase,
170,14,0.00,24.4500,44.86,41.37,0.09,5,0.25,1,0.17,-0.01,0.01,-0.01,normal,
171,14,0.17,24.2500,38.55,43.48,0.54,4,1.42,1,0.00,1.05,1.05,1.05,missing_purchase,
172,14,0.00,23.7000,43.80,30.42,0.05,2,0.28,1,0.07,0.16,0.16,0.16,evaporation,
173,14,0.07,24.1167,39.67,26.02,0.21,4,1.84,1,0.00,1.70,1.70,1.70,missing_purchase,
174,14,0.00,23.5500,38.70,31.61,0.18,3,0.80,1,0.22,0.40,0.40,0.40,theft,
175,14,0.22,24.0833,44.85,28.16,0.09,8,0.00,0,0.13,0.00,0.00,0.00,normal,
176,14,0.13,23.7000,43.29,30.74,0.11,10,0.18,1,0.20,0.00,0.00,0.00,normal,
177,14,0.20,24.2833,43.06,43.73,0.03,3,0.00,0,0.16,0.01,0.01,0.01,normal,
178,14,0.16,23.5333,44.98,32.94,0.11,5,0.11,1,0.00,0.16,0.16,0.16,evaporation,
179,14,0.00,23.5000,40.09,37.06,0.05,8,0.25,1,0.19,0.01,0.01,0.01,normal,
180,14,0.19,24.0667,41.67,42.79,0.14,2,0.81,1,0.86,0.00,0.00,0.00,normal,
181,14,0.86,24.2667,41.21,30.15,0.72,10,1.13,1,1.27,-0.00,0.00,-0.00,normal,
182,14,1.27,23.7000,31.40,88.12,0.47,9,0.00,0,0.76,0.04,0.04,0.04,evaporation,
183,14,0.76,23.9167,35.35,69.99,0.16,5,0.55,1,1.08,0.07,0.07,0.07,evaporation,
184,14,1.08,23.9667,36.03,90.76,0.62,1,0.81,1,0.46,0.81,0.81,0.81,missing_purchase,
185,14,0.46,23.7667,35.23,83.70,0.06,5,0.41,1,0.40,0.41,0.41,0.41,missing_purchase,
186,14,0.40,23.6667,33.24,78.57,0.32,5,0.40,1,0.03,0.45,0.45,0.45,theft,
187,14,0.03,24.1667,37.33,72.97,0.15,3,1.34,1,0.00,1.22,1.22,1.22,missing_purchase,
188,14,0.00,24.0000,31.23,85.19,0.23,7,0.80,1,0.06,0.51,0.51,0.51,theft,
189,14,0.06,24.4667,33.77,79.51,0.04,4,0.19,1,0.21,0.00,0.00,0.00,normal,
190,14,0.21,24.1333,36.99,67.21,0.07,2,0.00,0,0.06,0.08,0.08,0.08,evaporation,
191,14,0.06,23.6167,30.49,79.79,0.32,3,1.16,1,0.00,0.90,0.90,0.90,missing_purchase,
192,14,0.00,23.6667,32.62,79.05,0.06,4,0.80,1,0.10,0.64,0.64,0.64,theft,
193,14,0.10,24.0167,30.73,78.78,0.29,8,0.70,1,0.10,0.41,0.41,0.41,theft,
194,14,0.10,23.9333,33.65,66.56,0.10,1,0.17,1,0.10,0.07,0.07,0.07,evaporation,
195,14,0.10,24.3667,30.02,70.88,0.26,9,0.69,1,0.47,0.06,0.06,0.06,evaporation,
196,14,0.47,24.4833,37.15,91.63,0.07,3,0.00,0,0.40,-0.00,0.00,-0.00,normal,
197,14,0.40,24.3167,35.13,84.69,0.35,6,0.40,1,0.01,0.44,0.44,0.44,theft,
198,14,0.01,23.9000,33.59,89.76,0.03,9,0.27,1,0.21,0.04,0.04,0.04,evaporation,
199,14,0.21,24.4167,32.78,69.82,0.06,4,0.00,0,0.08,0.07,0.07,0.07,evaporation,
200,14,0.08,24.3000,30.18,73.06,0.08,9,0.20,1,0.14,0.06,0.06,0.06,evaporation,
201,14,0.14,23.7333,31.98,74.35,0.39,2,0.77,1,0.00,0.52,0.52,0.52,missing_purchase,
202,14,0.00,23.5333,36.48,76.32,0.28,1,0.80,1,0.09,0.43,0.43,0.43,theft,
203,14,0.09,23.5667,30.81,65.91,0.09,1,0.18,1,0.11,0.07,0.07,0.07,evaporation,
204,14,0.11,23.5333,33.22,71.33,0.05,9,1.31,1,1.36,0.01,0.01,0.01,normal,
205,14,1.36,23.7333,36.53,84.75,0.70,6,0.94,1,1.55,0.05,0.05,0.05,evaporation,
206,14,1.55,24.4333,31.15,82.83,0.08,10,0.52,1,1.94,0.05,0.05,0.05,evaporation,
207,14,1.94,24.4667,31.40,83.33,0.49,1,0.00,0,0.04,1.41,1.41,1.41,theft,
208,14,0.04,24.5000,35.15,75.29,0.20,7,0.76,1,0.12,0.48,0.48,0.48,theft,
209,14,0.12,23.8167,33.01,85.37,0.10,5,0.13,1,0.14,0.01,0.01,0.01,normal,
210,14,0.14,23.6500,36.45,89.70,0.12,9,0.13,1,0.11,0.04,0.04,0.04,evaporation,
211,14,0.11,23.9000,31.94,70.49,0.24,8,0.69,1,0.03,0.53,0.53,0.53,theft,
212,14,0.03,23.5833,34.29,87.39,0.04,7,0.77,1,0.12,0.64,0.64,0.64,theft,
213,14,0.12,24.1333,30.32,66.97,0.08,9,0.15,1,0.12,0.07,0.07,0.07,evaporation,
214,14,0.12,23.7167,36.96,73.99,0.03,4,1.93,1,0.09,1.93,1.93,1.93,missing_purchase,
215,14,0.09,24.2833,30.94,91.99,0.04,10,0.18,1,0.19,0.04,0.04,0.04,evaporation,
216,14,0.19,23.9167,37.32,79.91,0.28,7,0.61,1,0.07,0.45,0.45,0.45,theft,
217,14,0.07,24.1833,32.87,72.06,0.19,8,0.73,1,0.12,0.49,0.49,0.49,theft,
218,14,0.12,24.3500,37.85,77.68,0.31,4,0.68,1,0.06,0.43,0.43,0.43,theft,
219,14,0.06,23.9333,30.37,88.33,0.27,1,0.74,1,0.10,0.43,0.43,0.43,theft,
220,14,0.10,24.4833,34.67,84.44,0.10,4,0.80,1,0.00,0.80,0.80,0.80,missing_purchase,
221,14,0.00,23.9000,34.56,71.63,0.10,6,0.25,1,0.15,0.00,0.00,0.00,normal,
222,14,0.15,24.3667,33.91,84.54,0.27,8,0.65,1,0.11,0.42,0.42,0.42,theft,
223,14,0.11,24.3333,32.82,68.78,0.13,9,1.23,1,0.00,1.21,1.21,1.21,missing_purchase,
224,14,0.00,24.1833,37.66,79.15,0.03,1,0.25,1,0.22,0.00,0.00,0.00,normal,
225,14,0.22,23.9333,31.10,82.03,0.07,8,0.31,1,0.41,0.05,0.05,0.05,evaporation,
226,14,0.41,24.1500,35.10,90.22,0.13,1,0.00,0,0.29,-0.01,0.01,-0.01,normal,
227,14,0.29,24.0833,33.29,65.45,0.08,5,0.00,0,0.22,-0.01,0.01,-0.01,normal,
228,14,0.22,24.3667,35.58,76.63,0.19,2,1.90,1,0.03,1.90,1.90,1.90,missing_purchase,
229,14,0.03,24.0500,31.19,70.18,0.09,5,0.22,1,0.15,0.01,0.01,0.01,normal,
230,14,0.15,23.5833,32.98,75.96,0.12,4,0.12,1,0.09,0.06,0.06,0.06,evaporation,
231,14,0.09,24.3667,36.78,82.65,0.64,2,1.76,1,0.00,1.21,1.21,1.21,missing_purchase,
232,14,0.00,23.9167,33.03,79.92,0.04,8,0.36,1,0.32,0.00,0.00,0.00,normal,
233,14,0.32,24.1833,36.28,80.28,0.03,9,0.00,0,0.28,0.01,0.01,0.01,normal,
234,14,0.28,23.7333,31.69,88.44,0.07,1,0.00,0,0.20,0.01,0.01,0.01,normal,
235,14,0.20,24.2167,37.40,89.28,0.04,6,1.26,1,0.16,1.26,1.26,1.26,missing_purchase,
236,14,0.16,23.5167,37.69,80.85,0.09,7,0.11,1,0.12,0.06,0.06,0.06,evaporation,
237,14,0.12,23.8167,31.30,71.49,0.34,9,1.72,1,0.00,1.50,1.50,1.50,missing_purchase,
238,14,0.00,23.8500,33.07,84.97,0.10,2,0.28,1,0.13,0.05,0.05,0.05,evaporation,
239,14,0.13,23.8667,30.43,76.80,0.05,10,0.12,1,0.19,0.01,0.01,0.01,normal,
240,14,0.19,23.9167,37.75,73.81,0.07,8,0.00,0,0.05,0.07,0.07,0.07,evaporation,
241,14,0.05,23.8667,34.42,75.14,0.18,10,0.92,1,0.73,0.06,0.06,0.06,evaporation,
242,14,0.73,23.7500,35.70,67.22,0.53,7,1.10,1,1.23,0.07,0.07,0.07,evaporation,
243,14,1.23,23.6000,30.73,90.46,0.42,2,0.00,0,0.78,0.03,0.03,0.03,evaporation,
244,14,0.78,23.6833,31.45,63.92,0.11,2,1.17,1,0.67,1.17,1.17,1.17,missing_purchase,
245,14,0.67,23.8667,32.43,64.92,0.29,7,0.13,1,0.11,0.40,0.40,0.40,theft,
246,14,0.11,23.9333,31.10,52.12,0.79,4,1.83,1,0.00,1.15,1.15,1.15,missing_purchase,
247,14,0.00,24.1000,32.17,67.13,0.08,5,0.80,1,0.23,0.49,0.49,0.49,theft,
248,14,0.23,24.0167,29.17,54.18,0.27,6,0.52,1,0.40,0.08,0.08,0.08,evaporation,
249,14,0.40,23.7500,33.77,62.40,0.09,3,0.00,0,0.31,0.00,0.00,0.00,normal,
250,14,0.31,24.5000,31.17,71.04,0.15,6,0.49,1,0.14,0.51,0.51,0.51,theft,
251,14,0.14,23.9500,34.52,71.49,0.03,6,0.11,1,0.22,0.00,0.00,0.00,normal,
252,14,0.22,24.2333,29.61,57.85,0.10,5,0.00,0,0.04,0.08,0.08,0.08,evaporation,
253,14,0.04,24.1667,31.93,64.40,0.14,7,0.71,1,0.00,0.61,0.61,0.61,missing_purchase,
254,14,0.00,23.8833,28.91,64.10,0.22,9,0.80,1,0.15,0.43,0.43,0.43,theft,
255,14,0.15,24.3167,32.40,73.83,0.40,8,1.08,1,0.00,0.83,0.83,0.83,missing_purchase,
256,14,0.00,24.3500,30.33,67.32,0.11,7,0.28,1,0.10,0.07,0.07,0.07,evaporation,
257,14,0.10,23.6333,33.07,56.05,0.08,7,0.15,1,0.18,-0.01,0.01,-0.01,normal,
258,14,0.18,24.1333,31.83,60.02,0.55,7,1.16,1,0.00,0.79,0.79,0.79,missing_purchase,
259,14,0.00,24.0667,28.29,74.21,0.11,10,0.28,1,0.12,0.05,0.05,0.05,evaporation,
260,14,0.12,23.5833,28.87,56.21,0.25,3,0.68,1,0.06,0.49,0.49,0.49,theft,
261,14,0.06,23.5333,32.51,66.13,0.11,6,0.19,1,0.13,0.01,0.01,0.01,normal,
262,14,0.13,23.9500,28.85,52.47,0.33,10,1.15,1,0.95,-0.00,0.00,-0.00,normal,
263,14,0.95,23.8833,31.13,69.31,0.23,6,0.00,0,0.65,0.07,0.07,0.07,evaporation,
264,14,0.65,24.0000,28.84,60.40,0.15,3,1.93,1,0.50,1.93,1.93,1.93,missing_purchase,
265,14,0.50,23.8667,30.50,61.38,0.26,8,0.65,1,0.24,0.65,0.65,0.65,missing_purchase,
266,14,0.24,23.6000,31.51,67.42,0.13,5,0.56,1,0.26,0.41,0.41,0.41,theft,
267,14,0.26,24.2500,28.92,71.23,0.51,3,1.40,1,0.00,1.15,1.15,1.15,missing_purchase,
268,14,0.00,24.4833,35.87,56.10,0.09,8,0.32,1,0.23,0.00,0.00,0.00,normal,
269,14,0.23,23.9167,33.04,54.66,0.05,10,0.00,0,0.17,0.01,0.01,0.01,normal,
270,14,0.17,23.9667,32.74,59.72,0.03,2,0.00,0,0.14,0.00,0.00,0.00,normal,
271,14,0.14,24.3500,34.98,54.67,0.12,8,0.74,1,0.67,0.09,0.09,0.09,evaporation,
272,14,0.67,24.1667,30.51,59.72,0.10,6,0.97,1,0.57,0.97,0.97,0.97,missing_purchase,
273,14,0.57,24.4000,31.66,54.31,0.25,5,0.23,1,0.02,0.53,0.53,0.53,theft,
274,14,0.02,24.1167,16.10,38.35,0.06,5,0.78,1,0.30,0.44,0.44,0.44,theft,
275,14,0.30,23.8833,24.01,47.77,0.04,7,0.00,0,0.19,0.07,0.07,0.07,evaporation,
276,14,0.19,24.0167,23.26,52.34,0.24,3,0.61,1,0.08,0.48,0.48,0.48,theft,
277,14,0.08,24.0167,18.75,39.68,0.31,10,0.72,1,0.09,0.40,0.40,0.40,theft,
278,14,0.09,23.8667,27.37,47.12,0.19,8,0.64,1,0.46,0.08,0.08,0.08,evaporation,
279,14,0.46,24.0167,20.40,56.00,0.19,2,0.34,1,0.10,0.51,0.51,0.51,theft,
280,14,0.10,24.3333,24.89,42.30,0.11,9,0.70,1,0.21,0.48,0.48,0.48,theft,
281,14,0.21,24.3167,20.95,53.56,0.45,2,1.60,1,0.00,1.36,1.36,1.36,missing_purchase,
282,14,0.00,24.1000,16.48,54.38,0.06,1,0.28,1,0.17,0.05,0.05,0.05,evaporation,
283,14,0.17,23.9667,22.10,59.74,0.49,5,1.26,1,0.88,0.06,0.06,0.06,evaporation,
284,14,0.88,23.5333,20.85,43.71,0.19,2,0.00,0,0.62,0.07,0.07,0.07,evaporation,
285,14,0.62,23.7500,17.73,53.44,0.24,10,0.00,0,0.33,0.05,0.05,0.05,evaporation,
286,14,0.33,23.6667,23.01,54.62,0.73,10,1.68,1,0.00,1.28,1.28,1.28,missing_purchase,
287,14,0.00,23.8667,21.92,49.92,0.26,5,0.59,1,0.00,0.33,0.33,0.33,missing_purchase,
288,14,0.00,23.8000,22.45,58.81,0.48,2,1.17,1,0.00,0.69,0.69,0.69,missing_purchase,
289,14,0.00,23.6333,27.52,54.64,0.11,3,0.25,1,0.14,0.00,0.00,0.00,normal,
290,14,0.14,23.6333,18.25,52.78,0.09,7,0.11,1,0.16,0.00,0.00,0.00,normal,
291,14,0.16,24.1000,23.22,50.70,0.06,2,0.94,1,0.10,0.94,0.94,0.94,missing_purchase,
292,14,0.10,23.9167,21.70,41.96,0.34,6,0.70,1,0.04,0.42,0.42,0.42,theft,
293,14,0.04,24.0167,19.25,35.06,0.09,8,0.23,1,0.11,0.07,0.07,0.07,evaporation,
294,14,0.11,24.2333,19.66,36.58,0.04,7,0.16,1,0.16,0.07,0.07,0.07,evaporation,
295,14,0.16,24.0167,18.49,55.71,0.28,8,0.91,1,0.79,0.00,0.00,0.00,normal,
296,14,0.79,24.4500,23.87,36.21,0.05,8,0.00,0,0.33,0.41,0.41,0.41,theft,
297,14,0.33,24.4833,26.15,46.03,0.18,3,1.44,1,1.58,0.01,0.01,0.01,normal,
298,14,1.58,23.8167,17.07,58.32,0.21,6,0.00,0,0.73,0.64,0.64,0.64,theft,
299,14,0.73,23.8833,23.64,51.22,0.56,4,0.98,1,1.15,0.00,0.00,0.00,normal,
300,14,1.15,23.5833,24.15,35.03,0.26,3,0.00,0,0.21,0.68,0.68,0.68,theft,
301,14,0.21,24.0500,23.84,35.23,0.08,7,0.00,0,0.04,0.09,0.09,0.09,evaporation,
302,14,0.04,24.0000,15.92,44.58,0.09,6,1.54,1,0.00,1.49,1.49,1.49,missing_purchase,
303,14,0.00,23.8833,26.45,38.43,0.09,3,0.25,1,0.16,0.00,0.00,0.00,normal,
304,14,0.16,24.2167,16.86,48.26,0.24,4,1.01,1,0.93,-0.00,0.00,-0.00,normal,
305,14,0.93,23.6500,26.96,50.40,0.21,2,1.05,1,0.72,1.05,1.05,1.05,missing_purchase,
306,14,0.72,23.6333,24.78,49.74,0.72,6,0.95,1,0.00,0.95,0.95,0.95,missing_purchase,
307,14,0.00,24.3333,16.82,41.92,0.24,10,0.87,1,0.57,0.06,0.06,0.06,evaporation,
308,14,0.57,24.5000,23.98,56.20,0.09,9,0.00,0,0.48,0.00,0.00,0.00,normal,
309,14,0.48,23.7000,24.72,42.39,0.79,8,1.36,1,1.05,0.00,0.00,0.00,normal,
310,14,1.05,23.7500,21.49,49.85,0.46,6,0.00,0,0.58,0.01,0.01,0.01,normal,
311,14,0.58,23.6333,20.03,55.97,0.16,9,0.22,1,0.08,0.56,0.56,0.56,theft,
312,14,0.08,24.3000,21.12,59.68,0.14,1,0.42,1,0.00,0.36,0.36,0.36,missing_purchase,
313,14,0.00,23.7667,17.80,58.06,0.06,5,0.28,1,0.17,0.05,0.05,0.05,evaporation,
314,14,0.17,24.0333,24.97,45.59,0.06,9,0.00,0,0.11,0.00,0.00,0.00,normal,
315,14,0.11,23.7833,16.09,36.98,0.11,3,0.14,1,0.14,0.00,0.00,0.00,normal,
316,14,0.14,23.9167,22.62,54.08,0.45,5,1.40,1,0.00,1.09,1.09,1.09,missing_purchase,
317,14,0.00,24.2333,20.69,58.84,0.19,2,0.44,1,0.19,0.06,0.06,0.06,evaporation,
318,14,0.19,24.1333,15.72,51.65,0.14,1,1.42,1,0.05,1.42,1.42,1.42,missing_purchase,
319,14,0.05,24.2500,16.78,35.28,0.19,6,0.75,1,0.11,0.50,0.50,0.50,theft,
320,14,0.11,24.3333,25.69,41.48,0.09,5,0.14,1,0.16,0.00,0.00,0.00,normal,
321,14,0.16,23.6167,25.03,35.73,0.29,5,0.64,1,0.06,0.45,0.45,0.45,theft,
322,14,0.06,23.7667,24.26,49.42,0.14,8,0.74,1,0.65,0.01,0.01,0.01,normal,
323,14,0.65,23.6667,19.78,41.38,0.05,10,0.15,1,0.12,0.63,0.63,0.63,theft,
324,14,0.12,23.6167,17.97,47.72,0.17,8,1.31,1,1.20,0.06,0.06,0.06,evaporation,
325,14,1.20,24.4667,16.95,58.28,0.31,7,0.00,0,0.89,-0.00,0.00,-0.00,normal,
326,14,0.89,23.7500,20.41,53.01,0.20,9,0.21,1,0.90,0.00,0.00,0.00,normal,
327,14,0.90,23.5500,17.33,55.11,0.39,2,0.00,0,0.46,0.05,0.05,0.05,evaporation,
328,14,0.46,24.4167,18.67,56.12,0.02,4,0.87,1,1.31,0.00,0.00,0.00,normal,
329,14,1.31,24.3333,18.95,50.57,0.28,10,0.00,0,0.03,1.00,1.00,1.00,theft,
330,14,0.03,24.3167,25.09,53.31,0.10,3,0.24,1,0.10,0.07,0.07,0.07,evaporation,
331,14,0.10,23.9333,15.31,48.54,0.09,1,0.17,1,0.13,0.05,0.05,0.05,evaporation,
332,14,0.13,23.5000,24.87,44.41,0.05,4,0.14,1,0.14,0.08,0.08,0.08,evaporation,
333,14,0.14,23.7500,20.46,59.03,0.15,5,1.95,1,0.00,1.94,1.94,1.94,missing_purchase,
334,14,0.00,23.5833,15.57,40.79,0.31,7,0.80,1,0.03,0.46,0.46,0.46,theft,
335,14,0.03,23.8833,11.88,58.70,0.22,9,0.77,1,0.16,0.42,0.42,0.42,theft,
336,14,0.16,24.3667,10.92,54.80,0.09,5,1.03,1,1.06,0.04,0.04,0.04,evaporation,
337,14,1.06,23.8333,18.89,49.82,0.17,8,0.00,0,0.83,0.06,0.06,0.06,evaporation,
338,14,0.83,23.5667,19.15,43.40,0.06,2,0.00,0,0.71,0.06,0.06,0.06,evaporation,
339,14,0.71,23.9833,9.71,43.02,0.25,8,0.00,0,0.46,-0.00,0.00,-0.00,normal,
340,14,0.46,23.7667,17.79,42.26,0.08,10,0.00,0,0.39,-0.01,0.01,-0.01,normal,
341,14,0.39,24.3833,17.85,43.71,0.82,7,1.51,1,0.00,1.08,1.08,1.08,missing_purchase,
342,14,0.00,24.0333,5.73,47.47,0.15,7,1.69,1,0.00,1.54,1.54,1.54,missing_purchase,
343,14,0.00,24.4000,11.78,58.70,0.10,8,0.80,1,0.27,0.43,0.43,0.43,theft,
344,14,0.27,24.3333,7.10,40.30,0.12,3,0.00,0,0.12,0.03,0.03,0.03,evaporation,
345,14,0.12,23.9167,10.58,55.76,0.24,10,0.68,1,0.07,0.49,0.49,0.49,theft,
346,14,0.07,24.4667,17.19,40.55,0.29,3,1.36,1,1.08,0.06,0.06,0.06,evaporation,
347,14,1.08,24.4000,17.44,48.29,0.04,8,0.00,0,0.61,0.43,0.43,0.43,theft,
348,14,0.61,24.4833,13.61,60.54,0.03,7,0.00,0,0.58,0.00,0.00,0.00,normal,
349,14,0.58,23.7167,18.62,46.87,0.13,10,1.06,1,0.45,1.06,1.06,1.06,missing_purchase,
350,14,0.45,24.1500,14.25,56.18,0.18,8,0.00,0,0.23,0.04,0.04,0.04,evaporation,
351,14,0.23,23.7833,10.75,50.48,0.08,4,0.00,0,0.11,0.04,0.04,0.04,evaporation,
352,14,0.11,24.3500,13.15,40.49,0.09,8,0.16,1,0.13,0.05,0.05,0.05,evaporation,
353,14,0.13,24.0167,10.16,54.14,0.13,5,0.67,1,0.22,0.45,0.45,0.45,theft,
354,14,0.22,23.8333,13.96,40.73,0.30,5,0.58,1,0.09,0.41,0.41,0.41,theft,
355,14,0.09,24.0000,12.94,59.17,0.36,3,0.71,1,0.04,0.40,0.40,0.40,theft,
356,14,0.04,24.2000,8.62,53.34,0.09,4,0.21,1,0.16,0.00,0.00,0.00,normal,
357,14,0.16,24.3500,10.83,63.38,0.19,4,1.99,1,0.00,1.96,1.96,1.96,missing_purchase,
358,14,0.00,24.1167,9.77,58.45,0.07,6,0.25,1,0.17,0.01,0.01,0.01,normal,
359,14,0.17,24.1000,7.13,63.71,0.10,8,0.10,1,0.14,0.03,0.03,0.03,evaporation,
360,14,0.14,23.6833,12.36,42.26,0.10,4,0.66,1,0.29,0.41,0.41,0.41,theft,
361,14,0.29,24.0000,5.01,62.95,0.19,6,0.28,1,0.39,-0.01,0.01,-0.01,normal,
362,14,0.39,23.6500,13.80,62.93,0.16,6,0.00,0,0.22,0.01,0.01,0.01,normal,
363,14,0.22,23.8833,15.57,56.55,0.24,6,1.30,1,0.00,1.28,1.28,1.28,missing_purchase,
364,14,0.00,23.6333,19.64,58.31,0.17,8,0.80,1,0.09,0.54,0.54,0.54,theft,
365,14,0.09,23.6833,15.61,54.05,0.08,6,0.18,1,0.14,0.05,0.05,0.05,evaporation,
366,14,0.14,24.1167,17.22,49.46,0.24,3,1.55,1,0.00,1.45,1.45,1.45,missing_purchase,
367,14,0.00,24.2667,5.03,57.55,0.10,10,0.25,1,0.16,-0.01,0.01,-0.01,normal,
368,14,0.16,24.1333,9.77,60.22,0.23,10,0.64,1,0.15,0.42,0.42,0.42,theft,
369,14,0.15,24.0167,7.11,58.63,0.37,3,0.70,1,0.00,0.48,0.48,0.48,missing_purchase,
370,14,0.00,24.1667,18.28,42.22,0.09,6,0.28,1,0.13,0.06,0.06,0.06,evaporation,
371,14,0.13,23.7667,8.15,57.33,0.14,2,0.67,1,0.08,0.58,0.58,0.58,theft,
372,14,0.08,23.5500,10.79,58.31,0.12,8,0.20,1,0.12,0.04,0.04,0.04,evaporation,
373,14,0.12,23.8667,13.19,42.54,0.10,4,0.13,1,0.15,0.00,0.00,0.00,normal,
374,14,0.15,23.5667,16.99,40.84,0.07,2,0.33,1,0.08,0.33,0.33,0.33,missing_purchase,
375,14,0.08,23.5667,10.13,62.20,0.12,2,0.21,1,0.17,-0.00,0.00,-0.00,normal,
376,14,0.17,24.1500,18.40,57.61,0.17,3,0.63,1,0.10,0.53,0.53,0.53,theft,
377,14,0.10,23.9500,7.36,42.53,0.09,4,0.70,1,0.19,0.52,0.52,0.52,theft,
378,14,0.19,24.0833,15.83,58.25,0.13,4,0.75,1,0.06,0.75,0.75,0.75,missing_purchase,
379,14,0.06,23.6000,5.74,54.29,0.14,6,1.73,1,0.00,1.65,1.65,1.65,missing_purchase,
380,14,0.00,23.5000,11.41,47.36,0.07,4,0.25,1,0.19,-0.01,0.01,-0.01,normal,
381,14,0.19,23.7167,7.56,47.30,0.05,2,0.61,1,0.25,0.50,0.50,0.50,theft,
382,14,0.25,23.9167,12.06,62.37,0.30,7,0.75,1,0.00,0.70,0.70,0.70,missing_purchase,
383,14,0.00,23.6833,10.57,49.54,0.03,8,0.62,1,0.00,0.59,0.59,0.59,missing_purchase,
384,14,0.00,23.9833,8.95,60.93,0.21,3,0.80,1,0.05,0.54,0.54,0.54,theft,
385,14,0.05,24.2000,6.45,56.70,0.06,10,0.22,1,0.18,0.03,0.03,0.03,evaporation,
386,14,0.18,23.5500,17.61,60.46,0.16,9,0.62,1,0.08,0.56,0.56,0.56,theft,
387,14,0.08,24.4833,12.12,62.04,0.18,2,0.72,1,0.14,0.48,0.48,0.48,theft,
388,14,0.14,24.4000,15.71,52.55,0.33,10,0.66,1,0.03,0.44,0.44,0.44,theft,
389,14,0.03,24.1500,7.21,63.73,0.17,3,0.77,1,0.02,0.61,0.61,0.61,theft,
390,14,0.02,24.3500,7.89,41.07,0.14,4,0.43,1,0.00,0.31,0.31,0.31,missing_purchase,
391,14,0.00,24.3667,14.41,60.85,0.11,2,0.80,1,0.27,0.42,0.42,0.42,theft,
392,14,0.27,24.0833,10.96,48.15,0.23,1,0.77,1,0.04,0.77,0.77,0.77,missing_purchase,
393,14,0.04,24.3333,15.51,54.69,0.10,3,1.63,1,0.00,1.57,1.57,1.57,missing_purchase,
394,14,0.00,23.6500,13.50,54.57,0.03,2,0.25,1,0.22,0.00,0.00,0.00,normal,
395,14,0.22,23.6000,16.79,61.69,0.09,5,0.00,0,0.13,0.00,0.00,0.00,normal,
396,14,0.13,24.0167,13.58,51.83,0.14,10,0.59,1,0.00,0.58,0.58,0.58,missing_purchase,
397,14,0.00,24.1333,15.21,50.04,0.10,4,0.25,1,0.16,-0.01,0.01,-0.01,normal,
398,14,0.16,24.0000,18.81,62.43,0.03,5,0.64,1,0.26,0.51,0.51,0.51,theft,
399,14,0.26,24.3833,12.37,57.40,0.11,8,1.32,1,1.43,0.04,0.04,0.04,evaporation,
400,14,1.43,23.8333,9.04,50.42,0.14,4,0.00,0,1.28,0.01,0.01,0.01,normal,
401,14,1.28,23.9333,16.11,58.99,1.13,9,1.77,1,0.15,1.77,1.77,1.77,missing_purchase,
402,14,0.15,24.3333,7.38,47.78,0.03,9,0.00,0,0.11,0.01,0.01,0.01,normal,
403,14,0.11,23.5167,7.61,61.88,0.02,1,0.18,1,0.24,0.03,0.03,0.03,evaporation,
404,14,0.24,24.2500,7.99,49.21,0.06,2,0.00,0,0.18,0.00,0.00,0.00,normal,
405,14,0.18,23.7500,10.59,54.85,0.31,10,0.60,1,0.00,0.47,0.47,0.47,missing_purchase,
406,14,0.00,24.0833,10.25,44.09,0.62,2,1.82,1,0.00,1.20,1.20,1.20,missing_purchase,
407,14,0.00,23.8000,5.41,41.24,0.31,4,0.80,1,0.02,0.47,0.47,0.47,theft,
408,14,0.02,24.1833,8.38,45.17,0.34,1,1.41,1,0.00,1.09,1.09,1.09,missing_purchase,
409,14,0.00,24.0000,18.67,56.18,0.22,1,0.80,1,0.14,0.44,0.44,0.44,theft,
410,14,0.14,24.1333,17.08,47.64,0.35,5,0.66,1,0.03,0.42,0.42,0.42,theft,
411,14,0.03,23.9000,17.77,51.47,0.14,10,0.52,1,0.35,0.06,0.06,0.06,evaporation,
412,14,0.35,23.6000,5.11,64.99,0.14,9,0.00,0,0.18,0.03,0.03,0.03,evaporation,
413,14,0.18,24.1333,9.24,57.11,0.21,5,1.12,1,0.00,1.09,1.09,1.09,missing_purchase,
414,14,0.00,24.1667,9.88,46.92,0.12,5,0.28,1,0.12,0.04,0.04,0.04,evaporation,
415,14,0.12,24.0500,16.48,62.49,0.09,10,0.13,1,0.16,0.00,0.00,0.00,normal,
416,14,0.16,23.8333,15.21,58.03,0.12,5,0.11,1,0.10,0.05,0.05,0.05,evaporation,
417,14,0.10,23.9167,10.82,40.88,0.08,4,0.17,1,0.15,0.04,0.04,0.04,evaporation,
418,14,0.15,24.2500,8.34,53.37,0.29,6,0.65,1,0.06,0.45,0.45,0.45,theft,
419,14,0.06,24.4000,7.55,56.44,0.19,8,1.25,1,0.00,1.12,1.12,1.12,missing_purchase,
420,14,0.00,23.6333,16.11,58.13,0.21,3,0.80,1,0.02,0.57,0.57,0.57,theft,
421,14,0.02,24.4500,10.03,42.23,0.14,5,0.78,1,0.15,0.51,0.51,0.51,theft,
422,14,0.15,24.4333,9.97,46.51,0.12,2,0.65,1,0.15,0.53,0.53,0.53,theft,
423,14,0.15,24.4167,14.52,54.51,0.07,4,0.12,1,0.15,0.05,0.05,0.05,evaporation,
424,14,0.15,24.4167,15.21,53.25,0.16,3,0.65,1,0.21,0.43,0.43,0.43,theft,
425,14,0.21,23.7000,10.14,64.68,0.09,3,0.00,0,0.12,0.00,0.00,0.00,normal,
426,14,0.12,24.2500,20.16,36.62,0.24,1,1.48,1,1.29,0.07,0.07,0.07,evaporation,
427,14,1.29,23.7833,20.51,50.47,0.11,2,0.00,0,1.12,0.06,0.06,0.06,evaporation,
428,14,1.12,23.9500,25.60,43.07,0.54,1,1.94,1,0.58,1.94,1.94,1.94,missing_purchase,
429,14,0.58,24.0667,20.39,42.46,0.02,6,0.22,1,0.10,0.68,0.68,0.68,theft,
430,14,0.10,24.0500,20.29,48.53,0.23,4,0.70,1,0.13,0.44,0.44,0.44,theft,
431,14,0.13,24.4333,22.13,37.58,0.08,3,0.14,1,0.12,0.07,0.07,0.07,evaporation,
432,14,0.12,23.5333,21.58,40.82,0.27,10,0.68,1,0.07,0.46,0.46,0.46,theft,
433,14,0.07,23.9500,28.66,54.91,0.24,4,1.36,1,1.20,-0.01,0.01,-0.01,normal,
434,14,1.20,24.4667,29.02,43.07,0.62,3,0.69,1,0.58,0.69,0.69,0.69,missing_purchase,
435,14,0.58,23.7167,26.81,46.79,0.36,1,0.61,1,0.83,0.00,0.00,0.00,normal,
436,14,0.83,24.1667,21.07,45.69,0.70,1,1.49,1,1.55,0.07,0.07,0.07,evaporation,
437,14,1.55,23.6167,23.00,42.61,0.60,3,1.23,1,0.95,1.23,1.23,1.23,missing_purchase,
438,14,0.95,23.7167,26.34,47.61,0.14,2,0.00,0,0.15,0.66,0.66,0.66,theft,
439,14,0.15,23.7833,25.47,49.01,0.06,9,0.00,0,0.09,0.00,0.00,0.00,normal,
440,14,0.09,23.6167,21.39,50.70,0.35,5,1.15,1,0.00,0.89,0.89,0.89,missing_purchase,
441,14,0.00,24.3833,24.28,39.03,0.26,5,0.80,1,0.12,0.42,0.42,0.42,theft,
442,14,0.12,24.0833,23.96,39.15,0.05,1,0.15,1,0.14,0.08,0.08,0.08,evaporation,
443,14,0.14,23.5833,28.88,51.70,0.03,2,0.11,1,0.21,0.01,0.01,0.01,normal,
444,14,0.21,23.5667,26.68,37.03,0.28,5,0.42,1,0.26,0.09,0.09,0.09,evaporation,
445,14,0.26,23.5500,19.20,38.49,0.03,5,0.54,1,0.24,0.53,0.53,0.53,theft,
446,14,0.24,24.2167,21.75,49.77,0.05,1,0.56,1,0.35,0.40,0.40,0.40,theft,
447,14,0.35,23.6333,25.96,38.41,0.26,10,0.91,1,0.09,0.91,0.91,0.91,missing_purchase,
448,14,0.09,23.7833,28.54,36.86,0.30,3,0.71,1,0.09,0.41,0.41,0.41,theft,
449,14,0.09,23.9167,29.55,40.44,0.10,7,0.16,1,0.15,0.00,0.00,0.00,normal,
450,14,0.15,24.3500,20.00,37.65,0.12,3,0.12,1,0.08,0.07,0.07,0.07,evaporation,
451,14,0.08,24.4667,25.09,51.05,0.25,3,0.72,1,0.06,0.49,0.49,0.49,theft,
452,14,0.06,24.3167,22.30,35.58,0.10,3,0.19,1,0.15,0.00,0.00,0.00,normal,
453,14,0.15,24.0167,19.36,43.23,0.10,9,0.47,1,0.52,0.00,0.00,0.00,normal,
454,14,0.52,24.1000,26.69,39.48,0.20,9,0.00,0,0.32,0.00,0.00,0.00,normal,
455,14,0.32,24.2333,25.42,43.66,0.42,7,1.54,1,0.00,1.44,1.44,1.44,missing_purchase,
456,14,0.00,23.6500,28.07,46.17,0.03,3,0.28,1,0.16,0.09,0.09,0.09,evaporation,
457,14,0.16,24.0000,39.93,37.39,0.05,8,0.64,1,0.24,0.51,0.51,0.51,theft,
458,14,0.24,23.8500,41.58,21.01,0.27,7,0.68,1,0.00,0.65,0.65,0.65,missing_purchase,
459,14,0.00,24.3667,31.29,29.18,0.06,8,0.25,1,0.19,0.00,0.00,0.00,normal,
460,14,0.19,23.6167,41.73,34.90,0.03,7,0.61,1,0.22,0.55,0.55,0.55,theft,
461,14,0.22,24.0833,35.69,36.52,0.10,5,0.00,0,0.00,0.12,0.12,0.12,evaporation,
462,14,0.00,24.0833,30.90,33.43,0.33,1,1.92,1,0.00,1.59,1.59,1.59,missing_purchase,
463,14,0.00,24.3667,31.12,29.09,0.08,8,0.25,1,0.17,-0.00,0.00,-0.00,normal,
464,14,0.17,23.8833,38.02,22.28,0.04,6,0.10,1,0.08,0.15,0.15,0.15,evaporation,
465,14,0.08,24.1667,41.50,25.84,0.10,1,0.20,1,0.02,0.16,0.16,0.16,evaporation,
466,14,0.02,24.0167,29.97,34.34,0.09,10,1.53,1,0.00,1.46,1.46,1.46,missing_purchase,
467,14,0.00,23.7000,30.63,38.60,0.21,4,0.97,1,0.00,0.76,0.76,0.76,missing_purchase,
468,14,0.00,24.2500,32.73,35.14,0.04,10,0.80,1,0.32,0.44,0.44,0.44,theft,
469,14,0.32,24.4500,34.31,33.17,0.04,8,0.00,0,0.29,-0.01,0.01,-0.01,normal,
470,14,0.29,24.2833,28.68,38.71,0.07,9,0.00,0,0.12,0.10,0.10,0.10,evaporation,
471,14,0.12,24.4667,30.48,31.57,0.03,7,0.13,1,0.22,0.00,0.00,0.00,normal,
472,14,0.22,24.1333,40.36,30.08,0.10,4,0.00,0,0.00,0.12,0.12,0.12,evaporation,
473,14,0.00,23.8500,41.59,29.06,0.11,9,0.53,1,0.00,0.42,0.42,0.42,missing_purchase,
474,14,0.00,23.8167,39.80,30.96,0.13,9,0.80,1,0.11,0.56,0.56,0.56,theft,
475,14,0.11,23.7000,30.94,34.29,0.11,3,0.16,1,0.05,0.11,0.11,0.11,evaporation,
476,14,0.05,24.1833,41.65,23.56,0.08,2,0.20,1,0.17,-0.00,0.00,-0.00,normal,
477,14,0.17,24.0833,34.73,31.41,0.25,7,0.63,1,0.06,0.49,0.49,0.49,theft,
478,14,0.06,24.4500,39.78,25.72,0.31,1,0.74,1,0.05,0.44,0.44,0.44,theft,
479,14,0.05,23.5167,33.33,21.06,0.18,5,0.47,1,0.20,0.14,0.14,0.14,evaporation,
480,14,0.20,23.6500,39.75,33.81,0.34,1,0.80,1,0.00,0.66,0.66,0.66,missing_purchase,
481,14,0.00,23.8667,39.40,22.05,0.10,4,0.28,1,0.02,0.16,0.16,0.16,evaporation,
482,14,0.02,24.0833,33.44,30.22,0.10,1,0.26,1,0.06,0.12,0.12,0.12,evaporation,
483,14,0.06,23.9000,33.83,35.76,0.11,1,0.19,1,0.15,-0.01,0.01,-0.01,normal,
484,14,0.15,23.7667,30.84,37.38,0.31,8,0.65,1,0.02,0.47,0.47,0.47,theft,
485,14,0.02,24.4667,36.87,34.19,0.08,10,0.26,1,0.07,0.13,0.13,0.13,evaporation,
486,14,0.07,24.2667,41.50,25.88,0.11,3,1.06,1,0.86,0.16,0.16,0.16,evaporation,
487,14,0.86,23.6167,33.28,28.57,0.07,10,0.00,0,0.67,0.12,0.12,0.12,evaporation,
488,14,0.67,23.5000,32.63,34.19,0.16,1,0.32,1,0.83,0.00,0.00,0.00,normal,
489,14,0.83,24.1667,36.62,33.24,0.22,6,0.00,0,0.48,0.13,0.13,0.13,evaporation,
490,14,0.48,24.2500,32.45,24.40,0.17,7,0.20,1,0.38,0.13,0.13,0.13,evaporation,
491,14,0.38,23.9167,29.29,24.42,0.16,4,0.56,1,0.66,0.12,0.12,0.12,evaporation,
492,14,0.66,24.1500,35.43,39.93,0.29,1,0.00,0,0.38,-0.01,0.01,-0.01,normal,
493,14,0.38,23.8667,34.24,38.09,0.11,1,0.00,0,0.16,0.11,0.11,0.11,evaporation,
494,14,0.16,23.8333,33.34,35.92,0.21,1,0.46,1,0.29,0.12,0.12,0.12,evaporation,
495,14,0.29,24.3667,38.79,30.29,0.19,8,0.51,1,0.20,0.41,0.41,0.41,theft,
496,14,0.20,24.4500,37.12,26.41,0.05,2,0.60,1,0.29,0.46,0.46,0.46,theft,
497,14,0.29,24.3167,35.53,20.15,0.22,4,0.41,1,0.07,0.41,0.41,0.41,missing_purchase,
498,14,0.07,24.4167,37.60,36.71,0.27,7,0.65,1,0.00,0.45,0.45,0.45,missing_purchase,
499,14,0.00,24.1833,39.43,21.44,0.02,6,0.25,1,0.24,-0.01,0.01,-0.01,normal,
500,14,0.24,23.5667,28.76,35.88,0.21,10,0.56,1,0.04,0.55,0.55,0.55,theft,
501,14,0.04,24.4667,31.62,27.76,0.23,7,0.76,1,0.12,0.45,0.45,0.45,theft,
502,14,0.12,23.9000,37.43,30.70,0.08,10,0.15,1,0.06,0.13,0.13,0.13,evaporation,
503,14,0.06,24.4000,29.02,38.56,0.06,5,0.74,1,0.14,0.60,0.60,0.60,theft,
504,14,0.14,23.8000,38.71,28.75,0.15,1,0.66,1,0.14,0.51,0.51,0.51,theft,
505,14,0.14,24.0667,31.08,34.94,0.29,9,0.66,1,0.08,0.43,0.43,0.43,theft,
506,14,0.08,24.1667,30.02,33.55,0.11,6,0.20,1,0.06,0.11,0.11,0.11,evaporation,
507,14,0.06,23.5000,35.75,31.10,0.06,9,0.11,1,0.11,-0.00,0.00,-0.00,normal,
508,14,0.11,23.5833,32.27,34.97,0.05,7,0.14,1,0.19,0.01,0.01,0.01,normal,
509,14,0.19,24.4000,35.18,23.22,0.14,3,1.27,1,1.18,0.14,0.14,0.14,evaporation,
510,14,1.18,24.1000,39.93,37.03,0.53,8,0.00,0,0.52,0.13,0.13,0.13,evaporation,
511,14,0.52,23.5667,32.07,21.35,0.37,6,1.12,1,1.14,0.13,0.13,0.13,evaporation,
512,14,1.14,24.2000,37.18,22.00,0.46,6,0.00,0,0.68,-0.00,0.00,-0.00,normal,
513,14,0.68,23.8500,36.63,26.11,0.51,6,1.29,1,0.17,1.29,1.29,1.29,missing_purchase,
514,14,0.17,24.3500,32.43,28.57,0.08,7,0.44,1,0.41,0.12,0.12,0.12,evaporation,
515,14,0.41,23.8833,29.88,34.66,0.32,8,0.39,1,0.05,0.43,0.43,0.43,theft,
516,14,0.05,24.3167,32.28,31.03,0.38,3,0.95,1,0.61,0.01,0.01,0.01,normal,
517,14,0.61,23.7000,31.69,37.73,0.05,1,0.43,1,0.56,0.43,0.43,0.43,missing_purchase,
518,14,0.56,24.4000,41.55,25.62,0.11,10,0.00,0,0.46,-0.01,0.01,-0.01,normal,
519,14,0.46,23.5333,41.86,35.87,0.36,8,0.34,1,0.02,0.42,0.42,0.42,theft,
520,14,0.02,23.6500,40.56,29.47,0.10,5,0.26,1,0.03,0.15,0.15,0.15,evaporation,
521,14,0.03,24.0333,41.57,32.94,0.36,10,1.15,1,0.00,0.82,0.82,0.82,missing_purchase,
522,14,0.00,24.2167,39.16,35.28,0.04,10,0.25,1,0.21,0.00,0.00,0.00,normal,
523,14,0.21,23.6500,43.15,34.67,0.04,8,0.00,0,0.03,0.14,0.14,0.14,evaporation,
524,14,0.03,23.7667,40.59,25.86,0.28,6,0.65,1,0.00,0.40,0.40,0.40,missing_purchase,
525,14,0.00,23.9000,41.29,34.09,0.04,6,0.80,1,0.32,0.44,0.44,0.44,theft,
526,14,0.32,24.0500,42.43,30.47,0.50,10,1.56,1,0.00,1.38,1.38,1.38,missing_purchase,
527,14,0.00,23.6833,40.64,32.57,0.22,2,0.80,1,0.09,0.49,0.49,0.49,theft,
528,14,0.09,23.9000,44.81,29.46,0.09,6,0.16,1,0.16,0.00,0.00,0.00,normal,
529,14,0.16,24.0000,44.21,25.13,0.40,4,1.80,1,0.00,1.56,1.56,1.56,missing_purchase,
530,14,0.00,23.5667,41.60,30.62,0.09,2,0.32,1,0.23,0.00,0.00,0.00,normal,
531,14,0.23,23.9333,43.68,39.41,0.30,4,1.12,1,0.00,1.05,1.05,1.05,missing_purchase,
532,14,0.00,24.1167,39.13,41.67,0.03,10,0.34,1,0.00,0.31,0.31,0.31,missing_purchase,
533,14,0.00,24.1167,39.13,37.59,0.04,5,0.90,1,0.73,0.13,0.13,0.13,evaporation,
534,14,0.73,24.0500,44.71,36.99,0.19,1,0.00,0,0.03,0.51,0.51,0.51,theft,
535,14,0.03,24.2667,42.63,30.67,0.05,8,0.77,1,0.14,0.61,0.61,0.61,theft,
536,14,0.14,24.0000,44.07,28.41,0.08,10,0.13,1,0.03,0.16,0.16,0.16,evaporation,
537,14,0.03,23.6833,42.36,35.22,0.45,10,1.06,1,0.50,0.14,0.14,0.14,evaporation,
538,14,0.50,23.7333,40.65,27.64,0.55,7,0.83,1,0.63,0.15,0.15,0.15,evaporation,
539,14,0.63,24.1333,38.67,34.52,0.03,9,0.00,0,0.60,0.00,0.00,0.00,normal,
540,14,0.60,23.6167,38.65,38.19,0.15,1,0.00,0,0.44,0.01,0.01,0.01,normal,
541,14,0.44,24.3167,42.75,33.63,0.58,9,1.02,1,0.00,0.88,0.88,0.88,missing_purchase,
542,14,0.00,23.9500,39.61,41.05,0.29,7,0.80,1,0.07,0.44,0.44,0.44,theft,
543,14,0.07,24.3500,43.19,40.23,0.09,3,1.48,1,0.00,1.46,1.46,1.46,missing_purchase,
544,14,0.00,23.7667,41.34,29.65,0.05,9,0.28,1,0.08,0.15,0.15,0.15,evaporation,
545,14,0.08,23.7000,38.04,39.87,0.02,9,0.72,1,0.34,0.44,0.44,0.44,theft,
546,14,0.34,23.5000,40.63,29.11,0.38,2,1.67,1,0.00,1.63,1.63,1.63,missing_purchase,
547,14,0.00,23.6500,40.98,36.71,0.22,10,0.85,1,0.49,0.14,0.14,0.14,evaporation,
548,14,0.49,24.2167,33.18,70.50,0.21,9,0.31,1,0.10,0.49,0.49,0.49,theft,
549,14,0.10,23.8833,34.47,78.06,0.36,10,0.70,1,0.03,0.41,0.41,0.41,theft,
550,14,0.03,24.2500,33.19,68.73,0.03,4,0.24,1,0.17,0.07,0.07,0.07,evaporation,
551,14,0.17,24.2333,37.59,67.71,0.10,9,0.10,1,0.09,0.08,0.08,0.08,evaporation,
552,14,0.09,24.2167,35.65,69.34,0.02,2,1.94,1,0.07,1.94,1.94,1.94,missing_purchase,
553,14,0.07,24.3667,31.16,90.00,0.03,4,0.20,1,0.20,0.04,0.04,0.04,evaporation,
554,14,0.20,24.1333,30.30,75.38,0.06,9,0.00,0,0.09,0.05,0.05,0.05,evaporation,
555,14,0.09,24.1333,30.46,85.89,0.16,1,0.60,1,0.00,0.53,0.53,0.53,missing_purchase,
556,14,0.00,23.7000,36.80,90.13,0.20,4,0.80,1,0.19,0.41,0.41,0.41,theft,
557,14,0.19,24.1333,34.08,83.86,0.07,6,0.00,0,0.07,0.05,0.05,0.05,evaporation,
558,14,0.07,23.5000,37.81,67.34,0.11,7,0.73,1,0.19,0.50,0.50,0.50,theft,
559,14,0.19,23.9167,33.24,70.41,0.17,2,0.33,1,0.02,0.33,0.33,0.33,missing_purchase,
560,14,0.02,24.0833,32.28,87.40,0.06,5,0.26,1,0.18,0.04,0.04,0.04,evaporation,
561,14,0.18,23.7000,33.64,75.91,0.02,3,0.62,1,0.23,0.55,0.55,0.55,theft,
562,14,0.23,23.6000,34.47,78.59,0.08,9,0.88,1,0.15,0.88,0.88,0.88,missing_purchase,
563,14,0.15,23.7667,37.01,86.95,0.09,7,0.12,1,0.13,0.05,0.05,0.05,evaporation,
564,14,0.13,24.3167,31.95,74.17,0.09,10,0.14,1,0.12,0.06,0.06,0.06,evaporation,
565,14,0.12,24.0000,30.93,66.82,0.68,4,1.38,1,0.00,0.82,0.82,0.82,missing_purchase,
566,14,0.00,24.3500,32.53,90.80,0.20,1,0.80,1,0.07,0.53,0.53,0.53,theft,
567,14,0.07,23.7667,31.99,67.51,0.09,2,0.18,1,0.16,0.00,0.00,0.00,normal,
568,14,0.16,23.6833,33.81,74.55,0.25,4,1.82,1,0.00,1.73,1.73,1.73,missing_purchase,
569,14,0.00,24.0167,35.90,71.34,0.10,4,0.71,1,0.00,0.61,0.61,0.61,missing_purchase,
570,14,0.00,23.7000,36.68,87.58,0.32,2,0.91,1,0.00,0.59,0.59,0.59,missing_purchase,
571,14,0.00,24.4667,30.63,90.81,0.02,9,1.14,1,0.00,1.12,1.12,1.12,missing_purchase,
572,14,0.00,23.5333,36.78,75.02,0.54,10,1.36,1,0.76,0.06,0.06,0.06,evaporation,
573,14,0.76,24.0167,31.46,85.64,0.15,10,0.00,0,0.62,-0.01,0.01,-0.01,normal,
574,14,0.62,24.0500,36.39,77.91,0.43,7,1.22,1,0.19,1.22,1.22,1.22,missing_purchase,
575,14,0.19,24.4167,35.49,69.72,0.07,8,0.00,0,0.05,0.07,0.07,0.07,evaporation,
576,14,0.05,23.5000,30.09,70.69,0.05,10,0.20,1,0.19,0.01,0.01,0.01,normal,
577,14,0.19,23.6833,34.39,71.40,0.36,6,1.10,1,0.00,0.93,0.93,0.93,missing_purchase,
578,14,0.00,23.6833,33.99,70.68,0.26,6,0.80,1,0.09,0.45,0.45,0.45,theft,
579,14,0.09,23.9167,32.24,69.86,0.12,2,0.91,1,0.88,0.00,0.00,0.00,normal,
580,14,0.88,24.3500,31.89,76.67,0.16,3,0.00,0,0.07,0.65,0.65,0.65,theft,
581,14,0.07,24.2833,31.20,86.75,0.16,9,0.60,1,0.00,0.51,0.51,0.51,missing_purchase,
582,14,0.00,24.0667,35.76,86.20,0.21,10,0.81,1,0.00,0.60,0.60,0.60,missing_purchase,
583,14,0.00,23.5500,33.19,83.64,0.28,2,1.24,1,0.91,0.05,0.05,0.05,evaporation,
584,14,0.91,23.8500,32.08,74.73,0.34,6,0.00,0,0.51,0.06,0.06,0.06,evaporation,
585,14,0.51,23.6167,32.81,83.35,0.49,9,1.33,1,0.02,1.33,1.33,1.33,missing_purchase,
586,14,0.02,23.6833,37.83,72.68,0.29,8,0.81,1,0.47,0.07,0.07,0.07,evaporation,
587,14,0.47,23.9000,34.91,77.52,0.18,6,0.00,0,0.23,0.06,0.06,0.06,evaporation,
588,14,0.23,24.1500,34.57,87.92,0.04,3,0.57,1,0.24,0.52,0.52,0.52,theft,
589,14,0.24,23.8333,32.54,72.87,0.11,7,0.56,1,0.21,0.48,0.48,0.48,theft,
590,14,0.21,23.9667,36.25,90.35,0.43,8,1.57,1,0.00,1.35,1.35,1.35,missing_purchase,
591,14,0.00,23.9333,31.34,88.06,0.07,5,0.51,1,0.00,0.44,0.44,0.44,missing_purchase,
592,14,0.00,24.5000,35.95,85.24,0.13,2,0.66,1,0.00,0.53,0.53,0.53,missing_purchase,
593,14,0.00,23.5667,37.49,77.78,0.04,7,0.80,1,0.18,0.58,0.58,0.58,theft,
594,14,0.18,23.5833,30.83,81.69,0.29,4,1.40,1,1.29,-0.00,0.00,-0.00,normal,
595,14,1.29,23.8000,33.55,68.41,0.12,1,0.00,0,1.10,0.07,0.07,0.07,evaporation,
596,14,1.10,24.4167,37.32,88.33,0.24,9,0.00,0,0.04,0.82,0.82,0.82,theft,
597,14,0.04,24.0833,33.56,91.18,0.04,10,0.23,1,0.19,0.04,0.04,0.04,evaporation,
598,14,0.19,24.2833,35.09,80.23,0.40,5,1.19,1,0.00,0.98,0.98,0.98,missing_purchase,
599,14,0.00,24.4667,32.78,79.57,0.07,6,0.28,1,0.16,0.05,0.05,0.05,evaporation,
600,14,0.16,23.6500,32.43,65.00,0.30,3,0.64,1,0.07,0.43,0.43,0.43,theft,
601,14,0.07,24.0000,34.28,83.57,0.09,5,0.18,1,0.17,-0.01,0.01,-0.01,normal,
602,14,0.17,23.9500,36.38,81.12,0.46,4,1.65,1,0.00,1.36,1.36,1.36,missing_purchase,
603,14,0.00,23.9333,37.06,76.80,0.33,7,1.10,1,0.71,0.06,0.06,0.06,evaporation,
604,14,0.71,23.5833,33.38,71.47,0.95,5,1.60,1,0.00,1.36,1.36,1.36,missing_purchase,
605,14,0.00,23.8000,35.19,79.36,0.03,3,0.36,1,0.33,-0.00,0.00,-0.00,normal,
606,14,0.33,24.1667,33.64,77.22,0.08,6,0.00,0,0.26,-0.01,0.01,-0.01,normal,
607,14,0.26,23.5500,37.76,65.60,0.35,5,0.54,1,0.04,0.41,0.41,0.41,theft,
608,14,0.04,24.2500,33.51,65.22,0.03,7,0.12,1,0.13,0.00,0.00,0.00,normal,
609,14,0.13,24.3500,33.99,75.03,0.02,2,0.14,1,0.19,0.06,0.06,0.06,evaporation,
610,14,0.19,24.5000,29.17,56.66,0.06,3,0.00,0,0.06,0.07,0.07,0.07,evaporation,
611,14,0.06,24.3833,30.00,59.54,0.49,7,1.46,1,0.95,0.08,0.08,0.08,evaporation,
612,14,0.95,23.9667,29.98,74.86,0.11,4,1.13,1,1.97,0.00,0.00,0.00,normal,
613,14,1.97,24.2167,35.69,73.41,1.04,9,1.12,1,2.05,0.00,0.00,0.00,normal,
614,14,2.05,23.7667,31.85,57.47,0.07,4,0.00,0,1.90,0.08,0.08,0.08,evaporation,
615,14,1.90,23.7500,33.06,58.11,0.15,4,0.49,1,2.25,-0.01,0.01,-0.01,normal,
616,14,2.25,23.5333,32.65,67.27,0.17,2,0.00,0,2.01,0.07,0.07,0.07,evaporation,
617,14,2.01,24.0167,28.73,65.47,0.90,1,0.00,0,1.12,-0.01,0.01,-0.01,normal,
618,14,1.12,24.1833,29.23,63.41,0.36,6,0.48,1,0.76,0.48,0.48,0.48,missing_purchase,
619,14,0.76,24.0833,34.31,68.92,0.49,4,1.67,1,0.27,1.67,1.67,1.67,missing_purchase,
620,14,0.27,23.5167,33.51,58.95,0.33,8,0.53,1,0.00,0.47,0.47,0.47,missing_purchase,
621,14,0.00,24.2500,31.50,57.37,0.04,3,0.28,1,0.16,0.08,0.08,0.08,evaporation,
622,14,0.16,23.8333,33.86,56.88,0.11,9,0.11,1,0.08,0.08,0.08,0.08,evaporation,
623,14,0.08,24.0500,29.24,57.39,0.02,9,0.61,1,0.67,-0.00,0.00,-0.00,normal,
624,14,0.67,23.6833,35.06,65.49,0.19,6,0.00,0,0.48,0.00,0.00,0.00,normal,
625,14,0.48,24.2000,35.74,70.48,0.53,3,1.06,1,0.94,0.07,0.07,0.07,evaporation,
626,14,0.94,23.8333,31.28,58.05,0.06,3,1.02,1,1.91,-0.01,0.01,-0.01,normal,
627,14,1.91,23.5333,29.62,62.13,1.06,8,0.90,1,1.75,0.00,0.00,0.00,normal,
628,14,1.75,24.2333,32.72,51.23,0.19,2,0.00,0,1.14,0.42,0.42,0.42,theft,
629,14,1.14,24.4667,29.67,62.29,0.12,1,1.81,1,1.02,1.81,1.81,1.81,missing_purchase,
630,14,1.02,23.8833,32.46,73.46,0.20,6,0.00,0,0.09,0.73,0.73,0.73,theft,
631,14,0.09,23.5500,34.59,56.65,0.03,2,0.71,1,0.07,0.70,0.70,0.70,theft,
632,14,0.07,23.5667,35.56,74.01,0.18,9,0.47,1,0.00,0.36,0.36,0.36,missing_purchase,
633,14,0.00,23.9000,29.52,63.15,0.10,9,0.98,1,0.88,0.00,0.00,0.00,normal,
634,14,0.88,23.6000,34.13,64.41,0.28,7,0.00,0,0.03,0.57,0.57,0.57,theft,
635,14,0.03,23.6667,34.34,63.75,0.36,9,1.16,1,0.00,0.83,0.83,0.83,missing_purchase,
636,14,0.00,24.1333,31.54,58.81,0.23,6,1.49,1,1.18,0.08,0.08,0.08,evaporation,
637,14,1.18,24.1667,31.44,68.15,0.65,4,1.33,1,0.53,1.33,1.33,1.33,missing_purchase,
638,14,0.53,23.9000,34.13,73.15,0.41,7,1.45,1,1.51,0.06,0.06,0.06,evaporation,
639,14,1.51,23.5333,35.86,64.89,0.68,5,0.00,0,0.75,0.08,0.08,0.08,evaporation,
640,14,0.75,23.7333,17.79,42.87,0.32,5,0.00,0,0.42,0.01,0.01,0.01,normal,
641,14,0.42,24.0333,22.23,58.15,0.11,3,0.15,1,0.46,-0.00,0.00,-0.00,normal,
642,14,0.46,24.4333,22.57,40.82,0.11,7,1.68,1,0.35,1.68,1.68,1.68,missing_purchase,
643,14,0.35,24.1000,26.93,53.36,0.13,3,0.00,0,0.22,-0.00,0.00,-0.00,normal,
644,14,0.22,24.4500,23.96,49.41,0.33,10,0.58,1,0.03,0.44,0.44,0.44,theft,
645,14,0.03,23.5333,24.50,49.41,0.05,1,0.77,1,0.04,0.71,0.71,0.71,theft,
646,14,0.04,23.8500,19.52,55.43,0.16,2,0.76,1,0.04,0.60,0.60,0.60,theft,
647,14,0.04,23.7333,24.72,56.24,0.08,7,0.21,1,0.18,-0.01,0.01,-0.01,normal,
648,14,0.18,24.0500,15.54,48.50,0.07,9,0.62,1,0.11,0.62,0.62,0.62,theft,
649,14,0.11,23.6500,15.66,53.29,0.06,10,0.14,1,0.19,0.00,0.00,0.00,normal,
650,14,0.19,23.5833,17.89,42.24,0.15,3,0.61,1,0.17,0.48,0.48,0.48,theft,
651,14,0.17,24.0000,22.43,36.23,0.06,9,0.98,1,0.11,0.98,0.98,0.98,missing_purchase,
652,14,0.11,23.9500,25.06,38.26,0.07,9,0.69,1,0.27,0.46,0.46,0.46,theft,
653,14,0.27,23.9167,23.48,39.90,0.54,4,1.35,1,0.00,1.08,1.08,1.08,missing_purchase,
654,14,0.00,23.7500,15.93,54.42,0.07,7,1.39,1,1.27,0.05,0.05,0.05,evaporation,
655,14,1.27,23.8667,17.48,43.61,0.38,5,0.00,0,0.41,0.48,0.48,0.48,theft,
656,14,0.41,23.8667,23.01,59.75,0.04,1,0.00,0,0.31,0.06,0.06,0.06,evaporation,
657,14,0.31,23.7333,17.60,44.35,0.73,2,1.59,1,0.00,1.17,1.17,1.17,missing_purchase,
658,14,0.00,24.2833,15.71,58.72,0.10,5,0.25,1,0.16,-0.01,0.01,-0.01,normal,
659,14,0.16,24.2333,25.46,42.63,0.18,6,0.64,1,0.18,0.44,0.44,0.44,theft,
660,14,0.18,24.0667,17.75,48.66,0.05,10,0.00,0,0.13,0.00,0.00,0.00,normal,
661,14,0.13,23.6500,24.04,51.71,0.11,9,0.14,1,0.09,0.07,0.07,0.07,evaporation,
662,14,0.09,23.6667,15.78,40.02,0.21,8,1.48,1,0.00,1.36,1.36,1.36,missing_purchase,
663,14,0.00,24.1833,27.29,36.66,0.08,6,0.25,1,0.16,0.01,0.01,0.01,normal,
664,14,0.16,23.5167,18.80,57.09,0.12,9,0.11,1,0.09,0.06,0.06,0.06,evaporation,
665,14,0.09,23.6000,26.75,47.12,0.07,4,1.32,1,0.02,1.32,1.32,1.32,missing_purchase,
666,14,0.02,24.0333,27.57,49.02,0.26,1,0.78,1,0.11,0.43,0.43,0.43,theft,
667,14,0.11,24.0500,18.96,47.25,0.02,6,0.14,1,0.23,0.00,0.00,0.00,normal,
668,14,0.23,23.8167,18.07,59.46,0.08,5,0.00,0,0.14,0.01,0.01,0.01,normal,
669,14,0.14,24.4333,28.00,59.76,0.87,4,1.91,1,0.00,1.18,1.18,1.18,missing_purchase,
670,14,0.00,23.6500,19.44,44.82,0.18,9,0.53,1,0.00,0.35,0.35,0.35,missing_purchase,
671,14,0.00,24.2167,22.96,50.64,0.05,5,0.44,1,0.32,0.07,0.07,0.07,evaporation,
672,14,0.32,23.8500,20.84,38.29,0.46,4,1.41,1,0.00,1.27,1.27,1.27,missing_purchase,
673,14,0.00,24.4167,16.80,52.21,0.33,3,0.80,1,0.04,0.43,0.43,0.43,theft,
674,14,0.04,24.4667,27.69,38.63,0.10,6,0.21,1,0.16,-0.01,0.01,-0.01,normal,
675,14,0.16,24.0667,27.33,37.96,0.49,6,1.33,1,0.91,0.09,0.09,0.09,evaporation,
676,14,0.91,23.9333,27.50,42.58,0.34,5,0.00,0,0.58,-0.01,0.01,-0.01,normal,
677,14,0.58,23.7000,16.39,39.62,0.28,10,0.22,1,0.05,0.47,0.47,0.47,theft,
678,14,0.05,24.1333,22.37,40.77,0.19,8,1.06,1,0.85,0.07,0.07,0.07,evaporation,
679,14,0.85,24.4000,22.86,52.80,0.33,8,0.00,0,0.45,0.07,0.07,0.07,evaporation,
680,14,0.45,23.6667,17.51,35.81,0.02,5,0.00,0,0.42,0.01,0.01,0.01,normal,
681,14,0.42,23.7333,24.65,59.71,0.08,8,1.59,1,0.34,1.59,1.59,1.59,missing_purchase,
682,14,0.34,24.4167,23.02,52.20,0.14,7,0.00,0,0.20,0.00,0.00,0.00,normal,
683,14,0.20,23.5333,22.90,55.61,0.05,10,0.00,0,0.15,0.00,0.00,0.00,normal,
684,14,0.15,24.0500,23.34,52.60,0.09,1,0.25,1,0.30,0.01,0.01,0.01,normal,
685,14,0.30,23.7500,21.74,44.89,0.09,9,0.00,0,0.21,0.00,0.00,0.00,normal,
686,14,0.21,23.5500,17.47,45.99,0.07,5,0.00,0,0.14,-0.00,0.00,-0.00,normal,
687,14,0.14,23.9500,18.83,57.98,0.25,3,0.66,1,0.09,0.46,0.46,0.46,theft,
688,14,0.09,24.1833,20.87,53.07,0.55,9,1.19,1,0.67,0.06,0.06,0.06,evaporation,
689,14,0.67,23.9333,19.20,35.62,0.70,4,1.07,1,0.00,1.04,1.04,1.04,missing_purchase,
690,14,0.00,24.4333,20.91,41.25,0.26,3,0.80,1,0.05,0.49,0.49,0.49,theft,
691,14,0.05,23.6167,16.19,52.66,0.03,7,0.20,1,0.22,0.00,0.00,0.00,normal,
692,14,0.22,24.0333,22.96,39.00,0.05,3,1.24,1,0.17,1.24,1.24,1.24,missing_purchase,
693,14,0.17,24.4667,19.36,56.78,0.16,3,1.77,1,0.01,1.77,1.77,1.77,missing_purchase,
694,14,0.01,23.6833,25.00,36.28,0.12,8,0.79,1,0.20,0.48,0.48,0.48,theft,
695,14,0.20,23.6833,16.53,38.29,0.15,8,0.97,1,0.96,0.06,0.06,0.06,evaporation,
696,14,0.96,24.0167,22.07,35.14,0.38,4,0.00,0,0.14,0.44,0.44,0.44,theft,
697,14,0.14,24.2000,21.18,45.25,0.16,4,0.43,1,0.00,0.41,0.41,0.41,missing_purchase,
698,14,0.00,24.4333,22.12,50.49,0.21,4,0.80,1,0.18,0.41,0.41,0.41,theft,
699,14,0.18,23.6500,15.72,43.73,0.10,10,0.15,1,0.18,0.05,0.05,0.05,evaporation,
700,14,0.18,24.4667,16.14,37.72,0.03,5,0.00,0,0.09,0.06,0.06,0.06,evaporation,
701,14,0.09,24.2333,15.50,54.31,0.11,10,0.16,1,0.14,0.00,0.00,0.00,normal,
702,14,0.14,23.5333,6.40,47.48,0.19,2,0.93,1,0.00,0.88,0.88,0.88,missing_purchase,
703,14,0.00,24.3000,11.41,53.76,0.10,5,0.29,1,0.15,0.04,0.04,0.04,evaporation,
704,14,0.15,23.9333,12.87,57.40,0.09,9,1.34,1,0.06,1.34,1.34,1.34,missing_purchase,
705,14,0.06,23.5833,12.25,57.22,0.34,5,0.74,1,0.04,0.42,0.42,0.42,theft,
706,14,0.04,24.4000,9.75,53.13,0.06,3,0.23,1,0.17,0.04,0.04,0.04,evaporation,
707,14,0.17,24.0167,12.80,55.80,0.19,3,0.63,1,0.03,0.58,0.58,0.58,theft,
708,14,0.03,23.7333,15.63,64.48,0.02,1,0.77,1,0.21,0.57,0.57,0.57,theft,
709,14,0.21,24.3333,6.77,61.20,0.09,7,0.00,0,0.13,-0.01,0.01,-0.01,normal,
710,14,0.13,23.8667,13.41,55.94,0.08,2,0.38,1,0.43,0.00,0.00,0.00,normal,
711,14,0.43,24.0333,13.25,59.18,0.06,6,0.37,1,0.23,0.51,0.51,0.51,theft,
712,14,0.23,24.2667,13.53,64.00,0.30,4,0.57,1,0.07,0.43,0.43,0.43,theft,
713,14,0.07,23.8500,18.83,51.98,0.04,3,1.11,1,0.03,1.11,1.11,1.11,missing_purchase,
714,14,0.03,24.0000,7.33,51.52,0.10,8,0.22,1,0.14,0.01,0.01,0.01,normal,
715,14,0.14,23.9333,18.92,41.40,0.07,6,0.11,1,0.18,0.00,0.00,0.00,normal,
716,14,0.18,23.5167,8.12,57.14,0.29,6,0.62,1,0.10,0.41,0.41,0.41,theft,
717,14,0.10,23.6500,9.21,40.78,0.08,3,0.17,1,0.15,0.04,0.04,0.04,evaporation,
718,14,0.15,23.9000,7.81,42.92,0.05,6,0.12,1,0.19,0.03,0.03,0.03,evaporation,
719,14,0.19,23.7833,11.21,52.43,0.10,8,0.61,1,0.06,0.64,0.64,0.64,theft,
720,14,0.06,23.8167,8.24,47.56,0.20,4,0.49,1,0.00,0.35,0.35,0.35,missing_purchase,
721,14,0.00,24.4667,6.39,52.65,0.10,3,0.25,1,0.15,0.00,0.00,0.00,normal,
722,14,0.15,24.4833,12.25,61.85,0.16,2,0.83,1,0.00,0.82,0.82,0.82,missing_purchase,
723,14,0.00,24.3667,19.73,52.90,0.20,1,1.99,1,0.00,1.79,1.79,1.79,missing_purchase,
724,14,0.00,23.9833,10.81,61.62,0.03,10,0.54,1,0.50,0.01,0.01,0.01,normal,
725,14,0.50,23.8500,12.00,41.15,0.20,5,0.30,1,0.20,0.40,0.40,0.40,theft,
726,14,0.20,24.3000,9.68,62.30,0.11,5,0.85,1,0.09,0.85,0.85,0.85,missing_purchase,
727,14,0.09,24.0667,9.79,51.03,0.06,5,0.50,1,0.03,0.50,0.50,0.50,missing_purchase,
728,14,0.03,23.6167,5.23,55.57,0.04,6,0.22,1,0.21,0.00,0.00,0.00,normal,
729,14,0.21,23.7833,7.12,57.61,0.13,2,0.78,1,0.08,0.78,0.78,0.78,missing_purchase,
730,14,0.08,23.8167,14.20,48.47,0.03,8,0.20,1,0.20,0.05,0.05,0.05,evaporation,
731,14,0.20,23.5500,6.59,41.34,0.16,3,0.60,1,0.08,0.56,0.56,0.56,theft,
732,14,0.08,24.4500,13.89,60.90,0.45,5,1.49,1,0.00,1.12,1.12,1.12,missing_purchase,
733,14,0.00,23.8500,17.26,57.82,0.25,9,0.80,1,0.14,0.41,0.41,0.41,theft,
734,14,0.14,24.4833,16.34,51.64,0.25,8,0.52,1,0.00,0.41,0.41,0.41,missing_purchase,
735,14,0.00,23.6000,11.83,57.11,0.06,4,0.25,1,0.18,0.01,0.01,0.01,normal,
736,14,0.18,23.6500,17.92,55.42,0.33,7,0.62,1,0.06,0.41,0.41,0.41,theft,
737,14,0.06,24.4667,14.98,59.72,0.06,1,0.19,1,0.20,-0.01,0.01,-0.01,normal,
738,14,0.20,23.6167,10.27,51.53,0.08,6,0.60,1,0.13,0.59,0.59,0.59,theft,
739,14,0.13,23.6333,12.62,50.14,0.10,9,1.51,1,0.03,1.51,1.51,1.51,missing_purchase,
740,14,0.03,24.1833,6.06,47.55,0.30,4,1.08,1,0.00,0.81,0.81,0.81,missing_purchase,
741,14,0.00,24.1500,8.66,43.98,0.18,2,0.80,1,0.15,0.47,0.47,0.47,theft,
742,14,0.15,24.3667,15.41,50.78,0.05,6,0.00,0,0.10,-0.00,0.00,-0.00,normal,
743,14,0.10,23.7500,7.60,56.74,0.09,8,0.17,1,0.15,0.03,0.03,0.03,evaporation,
744,14,0.15,24.1333,11.94,53.88,0.03,7,0.00,0,0.13,-0.01,0.01,-0.01,normal,
745,14,0.13,23.6000,15.28,54.91,0.30,6,0.67,1,0.06,0.44,0.44,0.44,theft,
746,14,0.06,24.2000,5.92,45.44,0.17,1,0.54,1,0.00,0.43,0.43,0.43,missing_purchase,
747,14,0.00,24.3000,7.20,43.73,0.20,7,0.80,1,0.08,0.52,0.52,0.52,theft,
748,14,0.08,23.9667,7.93,57.04,0.24,5,0.84,1,0.00,0.68,0.68,0.68,missing_purchase,
749,14,0.00,24.4667,19.15,50.87,0.05,2,0.25,1,0.20,0.00,0.00,0.00,normal,
750,14,0.20,24.1500,19.80,50.10,0.13,9,0.51,1,0.57,0.01,0.01,0.01,normal,
751,14,0.57,23.5000,15.55,60.52,0.23,1,0.00,0,0.30,0.04,0.04,0.04,evaporation,
752,14,0.30,24.2333,13.85,55.63,0.34,7,1.51,1,0.00,1.47,1.47,1.47,missing_purchase,
753,14,0.00,24.0667,8.17,44.34,0.14,6,0.54,1,0.00,0.40,0.40,0.40,missing_purchase,
754,14,0.00,24.3833,11.26,47.21,0.12,1,1.78,1,0.00,1.66,1.66,1.66,missing_purchase,
755,14,0.00,23.5667,14.73,43.60,0.09,3,0.28,1,0.14,0.05,0.05,0.05,evaporation,
756,14,0.14,24.1833,17.09,61.50,0.09,7,0.13,1,0.13,0.05,0.05,0.05,evaporation,
757,14,0.13,23.9833,12.64,53.80,0.20,3,1.07,1,0.00,1.00,1.00,1.00,missing_purchase,
758,14,0.00,23.9500,14.07,54.45,0.31,4,0.80,1,0.03,0.46,0.46,0.46,theft,
759,14,0.03,23.7833,11.16,53.65,0.11,10,0.22,1,0.14,0.00,0.00,0.00,normal,
760,14,0.14,23.8833,6.70,52.04,0.03,9,0.13,1,0.21,0.03,0.03,0.03,evaporation,
761,14,0.21,24.3000,16.68,51.62,0.05,10,0.59,1,0.32,0.43,0.43,0.43,theft,
762,14,0.32,24.0000,14.46,56.59,0.25,9,0.48,1,0.04,0.51,0.51,0.51,theft,
763,14,0.04,23.8167,14.20,62.59,0.20,1,0.76,1,0.11,0.49,0.49,0.49,theft,
764,14,0.11,24.0333,18.59,54.35,0.13,6,0.69,1,0.02,0.65,0.65,0.65,theft,
765,14,0.02,24.3500,9.42,44.19,0.41,5,1.48,1,0.00,1.09,1.09,1.09,missing_purchase,
766,14,0.00,24.2667,16.78,46.51,0.07,10,0.25,1,0.19,-0.01,0.01,-0.01,normal,
767,14,0.19,23.8000,17.13,55.61,0.10,5,0.22,1,0.26,0.05,0.05,0.05,evaporation,
768,14,0.26,24.1500,9.21,61.45,0.02,2,0.54,1,0.16,0.62,0.62,0.62,theft,
769,14,0.16,24.4667,13.88,43.78,0.06,5,0.00,0,0.10,0.00,0.00,0.00,normal,
770,14,0.10,23.7500,12.27,59.98,0.05,2,0.17,1,0.18,0.04,0.04,0.04,evaporation,
771,14,0.18,24.1333,19.01,43.85,0.59,7,1.14,1,0.00,0.73,0.73,0.73,missing_purchase,
772,14,0.00,23.7500,14.91,58.15,0.08,10,0.80,1,0.09,0.63,0.63,0.63,theft,
773,14,0.09,23.8667,5.81,46.61,0.06,8,1.69,1,0.03,1.69,1.69,1.69,missing_purchase,
774,14,0.03,23.9167,12.14,51.91,0.34,9,0.77,1,0.05,0.41,0.41,0.41,theft,
775,14,0.05,24.2167,15.58,51.86,0.07,7,0.75,1,0.33,0.40,0.40,0.40,theft,
776,14,0.33,24.4833,16.96,49.55,0.29,1,0.84,1,0.04,0.84,0.84,0.84,missing_purchase,
777,14,0.04,23.6000,18.77,55.94,0.06,5,0.23,1,0.16,0.05,0.05,0.05,evaporation,
778,14,0.16,23.7833,17.03,46.38,0.07,4,0.11,1,0.14,0.06,0.06,0.06,evaporation,
779,14,0.14,24.1167,16.56,53.00,0.72,6,1.45,1,0.00,0.87,0.87,0.87,missing_purchase,
780,14,0.00,24.0833,5.16,40.21,0.17,8,0.68,1,0.48,0.03,0.03,0.03,evaporation,
781,14,0.48,24.2667,9.25,44.83,0.30,4,0.23,1,0.40,0.01,0.01,0.01,normal,
782,14,0.40,24.1667,6.83,63.94,0.24,10,0.95,1,1.08,0.03,0.03,0.03,evaporation,
783,14,1.08,23.6833,18.44,57.39,0.77,8,0.75,1,1.05,0.01,0.01,0.01,normal,
784,14,1.05,23.7833,16.54,57.31,0.87,5,1.43,1,0.18,1.43,1.43,1.43,missing_purchase,
785,14,0.18,23.6667,16.71,46.93,0.12,1,0.41,1,0.06,0.41,0.41,0.41,missing_purchase,
786,14,0.06,23.7667,19.33,46.62,0.06,4,0.19,1,0.19,0.00,0.00,0.00,normal,
787,14,0.19,23.6833,14.68,42.71,0.05,10,0.00,0,0.09,0.05,0.05,0.05,evaporation,
788,14,0.09,24.4667,11.62,46.47,0.03,5,0.36,1,0.06,0.36,0.36,0.36,missing_purchase,
789,14,0.06,24.3167,11.69,62.41,0.18,1,0.55,1,0.00,0.43,0.43,0.43,missing_purchase,
790,14,0.00,24.2000,10.86,43.79,0.02,8,0.65,1,0.63,0.00,0.00,0.00,normal,
791,14,0.63,23.9167,28.13,50.62,0.16,1,0.00,0,0.47,0.00,0.00,0.00,normal,
792,14,0.47,24.2333,27.82,44.64,0.21,6,0.33,1,0.13,0.46,0.46,0.46,theft,
793,14,0.13,23.8167,22.81,47.65,0.03,9,0.12,1,0.21,0.01,0.01,0.01,normal,
794,14,0.21,23.8500,18.97,44.19,0.07,3,0.00,0,0.14,-0.00,0.00,-0.00,normal,
795,14,0.14,23.9000,25.93,40.98,0.15,2,0.66,1,0.10,0.55,0.55,0.55,theft,
796,14,0.10,23.8667,23.84,52.70,0.17,4,0.70,1,0.20,0.43,0.43,0.43,theft,
797,14,0.20,23.7000,18.30,54.93,0.31,5,0.64,1,0.48,0.05,0.05,0.05,evaporation,
798,14,0.48,24.3833,27.74,54.33,0.03,6,0.32,1,0.35,0.42,0.42,0.42,theft,
799,14,0.35,24.3333,26.65,43.11,0.33,9,1.02,1,1.05,-0.01,0.01,-0.01,normal,
800,14,1.05,24.1167,20.80,36.44,0.24,1,0.00,0,0.74,0.07,0.07,0.07,evaporation,
801,14,0.74,24.4667,25.42,39.85,0.02,1,0.00,0,0.71,0.01,0.01,0.01,normal,
802,14,0.71,24.3667,27.52,44.12,0.36,2,0.59,1,0.35,0.59,0.59,0.59,missing_purchase,
803,14,0.35,23.6167,23.97,50.98,0.31,7,1.23,1,1.20,0.07,0.07,0.07,evaporation,
804,14,1.20,24.2167,24.91,37.75,1.04,1,1.72,1,0.16,1.72,1.72,1.72,missing_purchase,
805,14,0.16,24.1167,20.08,36.26,0.12,6,1.16,1,1.20,-0.00,0.00,-0.00,normal,
806,14,1.20,23.9667,20.92,46.64,0.62,10,0.53,1,0.58,0.53,0.53,0.53,missing_purchase,
807,14,0.58,23.9000,27.33,35.31,0.02,3,0.00,0,0.55,0.01,0.01,0.01,normal,
808,14,0.55,24.2500,25.82,52.74,0.21,8,0.00,0,0.27,0.07,0.07,0.07,evaporation,
809,14,0.27,23.7167,19.72,40.42,0.16,3,1.07,1,0.11,1.07,1.07,1.07,missing_purchase,
810,14,0.11,24.1500,26.30,46.93,0.45,2,1.52,1,0.00,1.18,1.18,1.18,missing_purchase,
811,14,0.00,24.1667,27.92,41.02,0.07,4,0.25,1,0.19,-0.01,0.01,-0.01,normal,
812,14,0.19,24.0500,29.72,47.38,0.09,9,0.00,0,0.10,0.00,0.00,0.00,normal,
813,14,0.10,24.3167,25.52,39.16,0.04,8,0.26,1,0.32,0.00,0.00,0.00,normal,
814,14,0.32,23.6667,26.04,35.86,0.05,7,0.00,0,0.18,0.09,0.09,0.09,evaporation,
815,14,0.18,24.1500,27.66,50.17,0.03,1,0.62,1,0.04,0.73,0.73,0.73,theft,
816,14,0.04,23.6833,19.90,35.58,0.03,4,0.23,1,0.17,0.07,0.07,0.07,evaporation,
817,14,0.17,24.1167,24.96,43.38,0.07,4,0.00,0,0.10,0.00,0.00,0.00,normal,
818,14,0.10,23.8333,20.73,39.74,0.04,4,0.15,1,0.22,-0.01,0.01,-0.01,normal,
819,14,0.22,24.1167,23.81,52.81,0.07,10,0.58,1,0.18,0.55,0.55,0.55,theft,
820,14,0.18,23.9000,22.48,44.15,0.09,6,0.62,1,0.02,0.69,0.69,0.69,theft,
821,14,0.02,23.7000,22.03,35.64,0.18,2,1.27,1,0.00,1.11,1.11,1.11,missing_purchase,
822,14,0.00,24.4000,34.52,28.36,0.04,5,0.25,1,0.21,0.00,0.00,0.00,normal,
823,14,0.21,24.3333,39.12,39.06,0.33,10,0.59,1,0.01,0.46,0.46,0.46,theft,
824,14,0.01,24.4000,31.22,28.23,0.11,4,0.27,1,0.05,0.12,0.12,0.12,evaporation,
825,14,0.05,24.3833,34.48,20.29,0.11,4,0.22,1,0.02,0.14,0.14,0.14,evaporation,
826,14,0.02,24.1167,31.11,38.55,0.80,1,1.91,1,0.00,1.13,1.13,1.13,missing_purchase,
827,14,0.00,23.9333,41.72,20.80,0.10,1,0.28,1,0.01,0.17,0.17,0.17,evaporation,
828,14,0.01,23.9167,34.71,35.96,0.07,4,0.27,1,0.09,0.12,0.12,0.12,evaporation,
829,14,0.09,24.3000,28.17,34.64,0.34,3,0.71,1,0.04,0.42,0.42,0.42,theft,
830,14,0.04,23.7500,37.07,21.81,0.05,8,0.21,1,0.19,0.01,0.01,0.01,normal,
831,14,0.19,24.2833,36.17,39.53,0.03,7,0.00,0,0.17,-0.01,0.01,-0.01,normal,
832,14,0.17,24.4167,33.19,29.29,0.07,2,0.00,0,0.10,0.00,0.00,0.00,normal,
833,14,0.10,24.2333,32.66,20.65,0.05,10,0.17,1,0.09,0.13,0.13,0.13,evaporation,
834,14,0.09,24.3333,30.90,33.69,0.23,1,1.35,1,0.00,1.21,1.21,1.21,missing_purchase,
835,14,0.00,24.0333,41.23,33.49,0.11,6,1.81,1,0.00,1.70,1.70,1.70,missing_purchase,
836,14,0.00,23.9833,36.67,27.31,0.08,9,0.80,1,0.10,0.62,0.62,0.62,theft,
837,14,0.10,24.0833,37.93,24.09,0.04,2,0.15,1,0.21,0.00,0.00,0.00,normal,
838,14,0.21,24.2833,41.15,31.60,0.03,4,0.00,0,0.04,0.14,0.14,0.14,evaporation,
839,14,0.04,24.4500,31.74,33.60,0.11,2,0.76,1,0.19,0.50,0.50,0.50,theft,
840,14,0.19,23.9667,34.81,30.53,0.06,9,0.61,1,0.12,0.62,0.62,0.62,theft,
841,14,0.12,24.0667,40.59,29.04,0.32,2,0.93,1,0.00,0.73,0.73,0.73,missing_purchase,
842,14,0.00,23.7000,40.49,29.16,0.19,2,1.36,1,1.18,-0.01,0.01,-0.01,normal,
843,14,1.18,23.7833,29.57,22.96,0.18,1,0.56,1,1.00,0.56,0.56,0.56,missing_purchase,
844,14,1.00,23.8000,33.83,33.65,0.22,7,0.00,0,0.78,0.00,0.00,0.00,normal,
845,14,0.78,24.1833,28.30,23.78,0.40,9,0.34,1,0.38,0.34,0.34,0.34,missing_purchase,
846,14,0.38,24.1833,32.70,31.57,0.24,6,0.42,1,0.09,0.47,0.47,0.47,theft,
847,14,0.09,24.2000,37.76,36.84,0.17,3,1.06,1,0.00,0.98,0.98,0.98,missing_purchase,
848,14,0.00,24.4500,39.05,23.43,0.34,1,0.78,1,0.45,-0.01,0.01,-0.01,normal,
849,14,0.45,23.8000,34.38,23.33,0.15,5,0.00,0,0.17,0.13,0.13,0.13,evaporation,
850,14,0.17,23.6833,39.75,33.86,0.13,4,1.43,1,0.04,1.43,1.43,1.43,missing_purchase,
851,14,0.04,23.6167,28.58,26.33,0.06,9,0.46,1,0.33,0.11,0.11,0.11,evaporation,
852,14,0.33,24.2000,32.44,26.88,0.09,3,0.00,0,0.24,0.00,0.00,0.00,normal,
853,14,0.24,23.6167,40.89,28.09,0.03,8,0.00,0,0.20,0.01,0.01,0.01,normal,
854,14,0.20,23.6500,28.06,34.77,0.04,5,0.00,0,0.16,0.00,0.00,0.00,normal,
855,14,0.16,23.8000,41.57,35.08,0.05,10,0.00,0,0.11,0.00,0.00,0.00,normal,
856,14,0.11,24.4833,34.19,33.78,0.27,1,0.69,1,0.11,0.42,0.42,0.42,theft,
857,14,0.11,24.0833,29.64,20.50,0.23,4,0.69,1,0.10,0.47,0.47,0.47,theft,
858,14,0.10,23.5833,32.57,32.16,0.33,5,0.84,1,0.61,-0.00,0.00,-0.00,normal,
859,14,0.61,23.5833,35.54,28.91,0.04,9,0.00,0,0.57,0.00,0.00,0.00,normal,
860,14,0.57,24.0167,32.45,32.10,0.24,6,0.00,0,0.33,-0.00,0.00,-0.00,normal,
861,14,0.33,24.2500,39.95,27.39,0.18,6,0.93,1,0.15,0.93,0.93,0.93,missing_purchase,
862,14,0.15,23.8167,41.69,37.49,0.26,7,1.12,1,1.00,0.01,0.01,0.01,normal,
863,14,1.00,23.8000,30.29,34.56,0.41,7,0.00,0,0.16,0.43,0.43,0.43,theft,
864,14,0.16,24.1167,36.37,22.87,0.12,9,0.64,1,0.01,0.67,0.67,0.67,theft,
865,14,0.01,23.5667,41.06,31.81,0.02,5,0.24,1,0.23,0.00,0.00,0.00,normal,
866,14,0.23,24.0833,34.47,31.36,0.04,7,0.00,0,0.07,0.12,0.12,0.12,evaporation,
867,14,0.07,24.0167,28.59,36.52,0.26,9,1.72,1,0.00,1.53,1.53,1.53,missing_purchase,
868,14,0.00,24.2833,34.49,20.54,0.20,8,0.47,1,0.28,-0.01,0.01,-0.01,normal,
869,14,0.28,24.2000,40.50,28.34,0.10,4,0.00,0,0.19,-0.01,0.01,-0.01,normal,
870,14,0.19,24.3000,31.88,39.89,0.36,10,1.14,1,0.97,-0.00,0.00,-0.00,normal,
871,14,0.97,23.7667,36.79,29.52,0.07,9,0.00,0,0.77,0.13,0.13,0.13,evaporation,
872,14,0.77,23.5167,39.83,23.26,0.52,3,0.55,1,0.65,0.15,0.15,0.15,evaporation,
873,14,0.65,23.5500,31.82,28.39,0.12,5,0.00,0,0.41,0.12,0.12,0.12,evaporation,
874,14,0.41,24.1667,41.11,30.28,0.18,2,1.60,1,0.23,1.60,1.60,1.60,missing_purchase,
875,14,0.23,24.1333,38.54,30.87,0.32,5,0.57,1,0.06,0.42,0.42,0.42,theft,
876,14,0.06,24.2333,37.64,21.92,0.22,3,0.74,1,0.18,0.40,0.40,0.40,theft,
877,14,0.18,24.0500,31.94,35.58,0.49,3,1.00,1,0.00,0.69,0.69,0.69,missing_purchase,
878,14,0.00,23.6000,31.05,30.07,0.11,9,0.28,1,0.06,0.11,0.11,0.11,evaporation,
879,14,0.06,24.3833,41.33,36.92,0.26,2,0.74,1,0.09,0.45,0.45,0.45,theft,
880,14,0.09,24.4667,29.07,36.38,0.06,5,0.16,1,0.19,0.00,0.00,0.00,normal,
881,14,0.19,23.6333,39.44,37.79,0.22,6,0.61,1,0.15,0.43,0.43,0.43,theft,
882,14,0.15,23.8167,28.40,36.29,0.32,3,0.68,1,0.00,0.51,0.51,0.51,missing_purchase,
883,14,0.00,24.2333,39.59,27.51,0.04,2,0.52,1,0.00,0.48,0.48,0.48,missing_purchase,
884,14,0.00,23.5667,38.13,34.69,0.11,1,1.03,1,0.00,0.92,0.92,0.92,missing_purchase,
885,14,0.00,24.3333,42.62,36.86,0.46,1,1.10,1,0.00,0.64,0.64,0.64,missing_purchase,
886,14,0.00,23.5667,40.11,25.21,0.08,10,0.27,1,0.04,0.15,0.15,0.15,evaporation,
887,14,0.04,23.6833,42.69,25.59,0.07,5,0.76,1,0.03,0.70,0.70,0.70,theft,
888,14,0.03,23.8667,40.47,42.10,0.08,9,0.24,1,0.07,0.12,0.12,0.12,evaporation,
889,14,0.07,23.6000,43.74,40.26,0.41,5,1.20,1,0.00,0.86,0.86,0.86,missing_purchase,
890,14,0.00,23.6667,44.31,35.74,0.03,4,0.25,1,0.21,0.01,0.01,0.01,normal,
891,14,0.21,24.4000,42.95,32.33,0.22,8,0.59,1,0.07,0.51,0.51,0.51,theft,
892,14,0.07,23.6000,39.27,32.10,0.04,4,0.20,1,0.09,0.14,0.14,0.14,evaporation,
893,14,0.09,24.3000,44.89,27.47,0.06,3,0.71,1,0.18,0.56,0.56,0.56,theft,
894,14,0.18,23.8833,42.93,36.14,0.06,5,0.56,1,0.68,-0.00,0.00,-0.00,normal,
895,14,0.68,24.2833,40.18,44.52,0.18,5,0.00,0,0.49,0.01,0.01,0.01,normal,
896,14,0.49,23.9500,39.32,26.39,0.31,8,0.31,1,0.01,0.48,0.48,0.48,theft,
897,14,0.01,23.8833,39.26,44.97,0.03,8,0.27,1,0.13,0.12,0.12,0.12,evaporation,
898,14,0.13,24.2167,38.60,27.87,0.30,2,0.98,1,0.00,0.81,0.81,0.81,missing_purchase,
899,14,0.00,24.2833,44.48,44.56,0.24,10,1.47,1,1.22,0.01,0.01,0.01,normal,
900,14,1.22,23.9167,38.86,41.76,0.36,10,1.53,1,0.86,1.53,1.53,1.53,missing_purchase,
901,14,0.86,24.1167,39.91,40.79,0.17,8,0.00,0,0.56,0.13,0.13,0.13,evaporation,
902,14,0.56,24.5000,40.83,34.69,0.11,8,0.24,1,0.26,0.43,0.43,0.43,theft,
903,14,0.26,23.7667,41.43,29.62,0.02,1,0.00,0,0.23,0.01,0.01,0.01,normal,
904,14,0.23,24.0167,42.75,44.44,0.07,3,0.00,0,0.16,0.00,0.00,0.00,normal,
905,14,0.16,24.1500,38.67,26.53,0.60,8,1.58,1,0.00,1.14,1.14,1.14,missing_purchase,
906,14,0.00,23.7000,40.05,34.96,0.29,9,1.16,1,0.00,0.87,0.87,0.87,missing_purchase,
907,14,0.00,24.0667,38.12,40.28,0.10,2,0.25,1,0.15,0.00,0.00,0.00,normal,
908,14,0.15,23.8333,43.97,33.85,0.16,5,0.35,1,0.33,0.01,0.01,0.01,normal,
909,14,0.33,23.6667,41.44,27.69,0.08,2,0.00,0,0.25,0.00,0.00,0.00,normal,
910,14,0.25,24.0167,42.62,38.71,0.06,3,0.00,0,0.05,0.14,0.14,0.14,evaporation,
911,14,0.05,23.9167,39.84,36.82,0.31,5,0.94,1,0.00,0.68,0.68,0.68,missing_purchase,
912,14,0.00,23.8333,38.43,36.81,0.10,10,0.52,1,0.00,0.42,0.42,0.42,missing_purchase,
913,14,0.00,23.5167,36.12,81.88,0.20,6,0.95,1,0.00,0.75,0.75,0.75,missing_purchase,
914,14,0.00,23.9333,32.81,82.85,0.27,2,1.01,1,0.69,0.05,0.05,0.05,evaporation,
915,14,0.69,23.6167,32.70,65.53,0.33,7,0.85,1,0.36,0.85,0.85,0.85,missing_purchase,
916,14,0.36,24.1000,34.12,76.37,0.03,6,0.76,1,1.09,0.00,0.00,0.00,normal,
917,14,1.09,23.9000,32.58,67.64,0.34,4,0.00,0,0.68,0.07,0.07,0.07,evaporation,
918,14,0.68,24.0333,36.49,83.02,0.52,4,0.52,1,0.63,0.05,0.05,0.05,evaporation,
919,14,0.63,24.4000,37.79,67.03,0.31,4,0.17,1,0.07,0.42,0.42,0.42,theft,
920,14,0.07,23.5500,32.38,80.49,0.08,2,0.18,1,0.17,-0.00,0.00,-0.00,normal,
921,14,0.17,24.1167,30.76,74.09,0.31,4,1.22,1,1.02,0.06,0.06,0.06,evaporation,
922,14,1.02,23.5667,35.21,73.15,0.37,7,0.00,0,0.09,0.56,0.56,0.56,theft,
923,14,0.09,23.8333,31.60,75.86,0.31,9,1.36,1,0.00,1.14,1.14,1.14,missing_purchase,
924,14,0.00,23.6833,37.05,81.95,0.04,8,0.25,1,0.21,0.00,0.00,0.00,normal,
925,14,0.21,24.3667,35.94,77.62,0.52,10,1.89,1,0.00,1.58,1.58,1.58,missing_purchase,
926,14,0.00,24.4000,36.15,76.71,0.09,9,0.28,1,0.13,0.06,0.06,0.06,evaporation,
927,14,0.13,23.9833,31.18,69.06,0.23,7,1.47,1,0.00,1.37,1.37,1.37,missing_purchase,
928,14,0.00,23.9333,32.55,87.42,0.08,5,0.38,1,0.30,0.00,0.00,0.00,normal,
929,14,0.30,23.7667,35.49,71.38,0.10,3,0.50,1,0.24,0.46,0.46,0.46,theft,
930,14,0.24,23.7500,36.38,73.38,0.61,7,1.13,1,0.00,0.76,0.76,0.76,missing_purchase,
931,14,0.00,24.1833,37.25,70.45,0.11,1,0.80,1,0.22,0.47,0.47,0.47,theft,
932,14,0.22,24.3500,32.22,79.87,0.05,8,1.40,1,0.17,1.40,1.40,1.40,missing_purchase,
933,14,0.17,24.3333,30.16,88.21,0.44,7,0.94,1,0.63,0.04,0.04,0.04,evaporation,
934,14,0.63,24.2000,35.26,67.44,0.34,3,0.17,1,0.05,0.41,0.41,0.41,theft,
935,14,0.05,24.1000,35.88,90.19,0.47,9,1.19,1,0.00,0.77,0.77,0.77,missing_purchase,
936,14,0.00,23.7667,33.97,67.44,0.09,6,0.25,1,0.16,0.00,0.00,0.00,normal,
937,14,0.16,24.1167,35.90,86.76,0.72,4,1.56,1,0.00,1.00,1.00,1.00,missing_purchase,
938,14,0.00,23.6500,30.85,70.78,0.26,1,0.67,1,0.35,0.06,0.06,0.06,evaporation,
939,14,0.35,23.8833,35.60,68.05,0.09,4,0.00,0,0.25,0.01,0.01,0.01,normal,
940,14,0.25,24.4333,36.27,68.91,0.18,6,0.55,1,0.05,0.57,0.57,0.57,theft,
941,14,0.05,23.5167,35.16,89.44,0.44,1,1.14,1,0.71,0.04,0.04,0.04,evaporation,
942,14,0.71,24.3333,35.37,71.83,0.49,6,0.95,1,0.22,0.95,0.95,0.95,missing_purchase,
943,14,0.22,24.4500,36.50,68.30,0.31,8,0.58,1,0.06,0.43,0.43,0.43,theft,
944,14,0.06,24.4667,37.69,90.04,0.27,4,1.86,1,0.00,1.65,1.65,1.65,missing_purchase,
945,14,0.00,23.8167,31.68,89.04,0.33,6,0.80,1,0.02,0.45,0.45,0.45,theft,
946,14,0.02,24.3167,35.16,86.31,0.08,8,0.21,1,0.15,-0.00,0.00,-0.00,normal,
947,14,0.15,23.9333,37.41,73.98,0.11,2,0.12,1,0.09,0.07,0.07,0.07,evaporation,
948,14,0.09,24.2333,32.09,66.79,0.37,9,1.02,1,0.00,0.74,0.74,0.74,missing_purchase,
949,14,0.00,24.2833,32.61,83.77,0.09,3,0.28,1,0.14,0.05,0.05,0.05,evaporation,
950,14,0.14,24.3333,35.13,65.08,0.18,2,0.53,1,0.41,0.08,0.08,0.08,evaporation,
951,14,0.41,24.0500,35.71,85.73,0.12,10,1.40,1,0.29,1.40,1.40,1.40,missing_purchase,
952,14,0.29,24.2167,33.28,90.36,0.12,3,0.00,0,0.13,0.04,0.04,0.04,evaporation,
953,14,0.13,24.2167,34.74,73.84,0.12,2,0.67,1,0.17,0.51,0.51,0.51,theft,
954,14,0.17,23.6833,33.15,75.19,0.30,10,0.63,1,0.08,0.42,0.42,0.42,theft,
955,14,0.08,24.5000,30.18,80.08,0.05,2,0.20,1,0.18,0.05,0.05,0.05,evaporation,
956,14,0.18,23.7000,32.09,88.00,0.04,10,0.62,1,0.21,0.55,0.55,0.55,theft,
957,14,0.21,23.7667,31.19,90.87,0.08,10,0.59,1,0.28,0.44,0.44,0.44,theft,
958,14,0.28,24.2500,34.21,85.88,0.81,8,1.88,1,0.00,1.35,1.35,1.35,missing_purchase,
959,14,0.00,23.6167,31.80,70.48,0.34,5,0.80,1,0.05,0.41,0.41,0.41,theft,
960,14,0.05,24.0167,33.06,76.65,0.17,4,0.40,1,0.28,0.00,0.00,0.00,normal,
961,14,0.28,23.9333,36.34,65.78,0.35,4,0.52,1,0.03,0.42,0.42,0.42,theft,
962,14,0.03,24.4667,31.99,80.74,0.07,8,1.40,1,0.00,1.36,1.36,1.36,missing_purchase,
963,14,0.00,23.6333,36.97,91.31,0.04,7,0.25,1,0.21,0.00,0.00,0.00,normal,
964,14,0.21,24.2833,34.78,66.97,0.05,4,1.25,1,0.16,1.25,1.25,1.25,missing_purchase,
965,14,0.16,24.0000,37.27,91.91,0.34,10,0.64,1,0.02,0.44,0.44,0.44,theft,
966,14,0.02,24.3500,30.36,71.85,0.05,7,0.23,1,0.20,0.00,0.00,0.00,normal,
967,14,0.20,23.6333,37.74,80.11,0.19,9,1.29,1,0.01,1.29,1.29,1.29,missing_purchase,
968,14,0.01,24.0167,37.44,88.70,0.14,3,0.54,1,0.37,0.04,0.04,0.04,evaporation,
969,14,0.37,23.8333,30.35,68.45,0.81,6,1.78,1,0.00,1.34,1.34,1.34,missing_purchase,
970,14,0.00,24.4833,33.44,89.38,0.53,9,1.26,1,0.69,0.04,0.04,0.04,evaporation,
971,14,0.69,24.4500,31.32,84.90,0.30,9,0.00,0,0.34,0.05,0.05,0.05,evaporation,
972,14,0.34,24.2000,35.09,76.88,0.04,3,0.62,1,0.30,0.62,0.62,0.62,missing_purchase,
973,14,0.30,23.5333,33.76,69.42,0.18,2,0.50,1,0.01,0.61,0.61,0.61,theft,
974,14,0.01,24.4833,33.96,76.92,0.08,8,0.27,1,0.14,0.06,0.06,0.06,evaporation,
975,14,0.14,24.4000,33.76,53.70,0.11,5,0.89,1,0.03,0.89,0.89,0.89,missing_purchase,
976,14,0.03,23.6833,34.68,68.75,0.30,10,0.77,1,0.02,0.48,0.48,0.48,theft,
977,14,0.02,24.1167,29.70,74.95,0.12,3,0.31,1,0.00,0.21,0.21,0.21,missing_purchase,
978,14,0.00,23.9333,35.36,56.15,0.19,2,0.80,1,0.03,0.58,0.58,0.58,theft,
979,14,0.03,23.5167,30.27,74.53,0.27,2,0.62,1,0.38,0.00,0.00,0.00,normal,
980,14,0.38,23.6500,28.23,61.51,0.09,5,0.00,0,0.29,0.00,0.00,0.00,normal,
981,14,0.29,23.5000,30.64,51.10,0.35,10,1.36,1,0.00,1.30,1.30,1.30,missing_purchase,
982,14,0.00,23.6333,29.69,51.22,0.05,1,0.25,1,0.20,0.00,0.00,0.00,normal,
983,14,0.20,24.0833,35.62,59.53,0.16,3,0.60,1,0.18,0.46,0.46,0.46,theft,
984,14,0.18,24.3167,34.92,52.23,0.16,7,1.75,1,0.02,1.75,1.75,1.75,missing_purchase,
985,14,0.02,23.8000,33.18,73.86,0.20,5,0.52,1,0.28,0.06,0.06,0.06,evaporation,
986,14,0.28,24.1333,29.05,66.64,0.08,8,0.00,0,0.14,0.06,0.06,0.06,evaporation,
987,14,0.14,23.9000,31.81,64.08,0.09,6,0.11,1,0.16,0.00,0.00,0.00,normal,
988,14,0.16,23.9500,33.05,52.32,0.07,4,0.00,0,0.09,0.00,0.00,0.00,normal,
989,14,0.09,24.2500,29.24,62.38,0.07,5,0.18,1,0.13,0.07,0.07,0.07,evaporation,
990,14,0.13,23.5833,35.26,61.94,0.16,4,0.28,1,0.17,0.08,0.08,0.08,evaporation,
991,14,0.17,23.8000,32.55,63.77,0.33,9,0.63,1,0.06,0.41,0.41,0.41,theft,
992,14,0.06,23.9500,31.30,61.62,0.58,6,1.52,1,0.00,1.00,1.00,1.00,missing_purchase,
993,14,0.00,23.7667,32.68,69.22,0.25,3,1.14,1,0.82,0.07,0.07,0.07,evaporation,
994,14,0.82,23.5333,28.67,71.92,0.12,10,0.00,0,0.09,0.61,0.61,0.61,theft,
995,14,0.09,24.3000,33.36,65.60,0.11,3,0.71,1,0.23,0.46,0.46,0.46,theft,
996,14,0.23,23.5833,33.98,65.10,0.03,9,0.00,0,0.21,-0.01,0.01,-0.01,normal,
997,14,0.21,23.9167,28.93,54.29,0.18,7,0.59,1,0.04,0.58,0.58,0.58,theft,
998,14,0.04,24.2833,32.82,62.17,0.23,10,0.76,1,0.11,0.46,0.46,0.46,theft,
999,14,0.11,24.2167,35.71,66.88,0.29,2,0.69,1,0.10,0.41,0.41,0.41,theft,
1000,14,0.10,23.5000,29.53,70.40,0.04,1,0.15,1,0.21,0.00,0.00,0.00,normal,
1001,14,0.21,24.1833,29.16,56.04,0.75,9,1.73,1,0.00,1.19,1.19,1.19,missing_purchase,
1002,14,0.00,23.7000,28.69,69.24,0.05,3,0.69,1,0.64,-0.00,0.00,-0.00,normal,
1003,14,0.64,23.9667,35.71,61.79,0.64,4,1.76,1,0.00,1.76,1.76,1.76,missing_purchase,
1004,14,0.00,23.8000,32.56,70.85,0.02,7,0.39,1,0.00,0.37,0.37,0.37,missing_purchase,
1005,14,0.00,23.9333,26.03,53.43,0.22,9,0.80,1,0.01,0.57,0.57,0.57,theft,
1006,14,0.01,23.5333,21.34,47.15,0.37,8,1.30,1,0.00,0.94,0.94,0.94,missing_purchase,
1007,14,0.00,23.7333,24.29,48.21,0.16,2,1.02,1,0.00,0.86,0.86,0.86,missing_purchase,
1008,14,0.00,23.7833,26.61,45.43,0.07,6,0.28,1,0.13,0.08,0.08,0.08,evaporation,
1009,14,0.13,23.9500,15.27,42.20,0.09,4,0.58,1,0.57,0.05,0.05,0.05,evaporation,
1010,14,0.57,24.2167,19.41,50.05,0.31,8,0.23,1,0.08,0.41,0.41,0.41,theft,
1011,14,0.08,23.8000,24.40,44.76,0.10,6,0.17,1,0.14,0.01,0.01,0.01,normal,
1012,14,0.14,24.3500,27.62,39.05,0.06,8,1.07,1,1.06,0.09,0.09,0.09,evaporation,
1013,14,1.06,23.7000,17.03,47.30,1.15,8,1.65,1,0.00,1.56,1.56,1.56,missing_purchase,
1014,14,0.00,23.8167,18.05,48.92,0.34,5,2.00,1,0.00,1.66,1.66,1.66,missing_purchase,
1015,14,0.00,23.8667,23.80,39.37,0.31,9,0.80,1,0.09,0.40,0.40,0.40,theft,
1016,14,0.09,23.5667,19.39,37.85,0.21,8,0.69,1,0.00,0.57,0.57,0.57,missing_purchase,
1017,14,0.00,23.7667,27.92,54.62,0.56,9,1.61,1,0.00,1.05,1.05,1.05,missing_purchase,
1018,14,0.00,23.7833,26.65,56.34,0.07,2,0.25,1,0.18,0.00,0.00,0.00,normal,
1019,14,0.18,24.4833,27.30,54.97,0.07,2,0.00,0,0.10,0.01,0.01,0.01,normal,
1020,14,0.10,24.1500,25.17,58.68,0.02,2,0.17,1,0.19,0.06,0.06,0.06,evaporation,
1021,14,0.19,23.6167,26.32,57.77,0.15,9,0.51,1,0.48,0.07,0.07,0.07,evaporation,
1022,14,0.48,24.4167,16.29,51.18,0.30,8,0.29,1,0.42,0.05,0.05,0.05,evaporation,
1023,14,0.42,24.3167,25.00,41.13,0.34,9,1.68,1,0.08,1.68,1.68,1.68,missing_purchase,
1024,14,0.08,23.6667,16.11,44.31,0.28,4,1.58,1,0.00,1.38,1.38,1.38,missing_purchase,
1025,14,0.00,23.6500,24.79,48.24,0.04,7,0.28,1,0.17,0.07,0.07,0.07,evaporation,
1026,14,0.17,23.9333,26.67,58.80,0.06,1,0.00,0,0.11,0.00,0.00,0.00,normal,
1027,14,0.11,24.3167,15.13,55.16,0.34,2,0.69,1,0.04,0.42,0.42,0.42,theft,
1028,14,0.04,23.9167,27.77,39.11,0.36,3,1.16,1,0.75,0.09,0.09,0.09,evaporation,
1029,14,0.75,23.5500,27.71,59.50,0.28,9,0.00,0,0.01,0.46,0.46,0.46,theft,
1030,14,0.01,23.9333,20.23,52.02,0.21,5,0.79,1,0.06,0.53,0.53,0.53,theft,
1031,14,0.06,23.8333,26.82,35.20,0.21,3,0.78,1,0.00,0.63,0.63,0.63,missing_purchase,
1032,14,0.00,24.2333,20.25,51.10,0.09,10,0.28,1,0.13,0.06,0.06,0.06,evaporation,
1033,14,0.13,24.2333,19.49,55.30,0.54,5,1.40,1,0.00,0.99,0.99,0.99,missing_purchase,
1034,14,0.00,23.5833,15.48,43.36,0.10,3,0.28,1,0.13,0.05,0.05,0.05,evaporation,
1035,14,0.13,24.0667,18.69,37.32,0.07,3,0.12,1,0.19,-0.01,0.01,-0.01,normal,
1036,14,0.19,24.4333,25.36,49.81,0.10,5,0.61,1,0.09,0.61,0.61,0.61,theft,
1037,14,0.09,24.0333,16.44,36.50,0.08,6,0.18,1,0.13,0.06,0.06,0.06,evaporation,
1038,14,0.13,24.3000,23.46,38.12,0.12,1,0.67,1,0.16,0.52,0.52,0.52,theft,
1039,14,0.16,23.7500,25.47,59.73,0.21,9,0.64,1,0.04,0.55,0.55,0.55,theft,
1040,14,0.04,23.7333,19.55,42.11,0.09,3,0.23,1,0.11,0.07,0.07,0.07,evaporation,
1041,14,0.11,24.0500,24.59,37.63,0.20,4,0.69,1,0.04,0.56,0.56,0.56,theft,
1042,14,0.04,23.8833,20.91,38.66,0.21,2,1.02,1,0.00,0.85,0.85,0.85,missing_purchase,
1043,14,0.00,23.5500,20.52,38.25,0.04,9,0.67,1,0.00,0.63,0.63,0.63,missing_purchase,
1044,14,0.00,23.9167,22.65,47.97,0.13,8,0.97,1,0.00,0.84,0.84,0.84,missing_purchase,
1045,14,0.00,24.1667,20.50,46.00,0.06,7,0.25,1,0.18,0.01,0.01,0.01,normal,
1046,14,0.18,23.6500,21.58,47.12,0.55,9,1.08,1,0.00,0.71,0.71,0.71,missing_purchase,
1047,14,0.00,24.4167,21.88,52.36,0.02,3,0.25,1,0.22,0.01,0.01,0.01,normal,
1048,14,0.22,23.8833,26.98,37.97,0.31,2,0.58,1,0.08,0.41,0.41,0.41,theft,
1049,14,0.08,24.1000,18.76,48.07,0.11,5,0.53,1,0.44,0.06,0.06,0.06,evaporation,
1050,14,0.44,24.3333,16.86,54.59,0.19,5,0.00,0,0.24,0.01,0.01,0.01,normal,
1051,14,0.24,23.7167,17.38,53.49,0.05,1,0.87,1,1.06,-0.00,0.00,-0.00,normal,
1052,14,1.06,24.1000,19.03,46.31,0.64,10,0.63,1,0.99,0.06,0.06,0.06,evaporation,
1053,14,0.99,23.6333,21.56,46.52,0.21,8,0.00,0,0.32,0.46,0.46,0.46,theft,
1054,14,0.32,24.2667,19.23,55.00,0.25,7,0.48,1,0.10,0.45,0.45,0.45,theft,
1055,14,0.10,24.4500,20.14,48.52,0.10,5,0.15,1,0.15,0.00,0.00,0.00,normal,
1056,14,0.15,24.4167,17.15,35.62,0.23,5,0.65,1,0.08,0.49,0.49,0.49,theft,
1057,14,0.08,23.6167,23.37,37.13,0.07,1,0.17,1,0.17,0.01,0.01,0.01,normal,
1058,14,0.17,24.0500,17.46,46.90,0.13,9,1.82,1,0.04,1.82,1.82,1.82,missing_purchase,
1059,14,0.04,23.6833,27.51,41.87,0.50,10,1.26,1,0.80,0.00,0.00,0.00,normal,
1060,14,0.80,24.3500,21.94,43.01,0.19,1,0.00,0,0.54,0.07,0.07,0.07,evaporation,
1061,14,0.54,23.6833,20.39,56.49,0.13,5,0.26,1,0.25,0.42,0.42,0.42,theft,
1062,14,0.25,23.6000,22.04,42.13,0.08,2,0.55,1,0.27,0.45,0.45,0.45,theft,
1063,14,0.27,24.5000,20.29,39.23,0.05,1,0.00,0,0.22,0.00,0.00,0.00,normal,
1064,14,0.22,23.8167,20.07,43.00,0.16,6,0.58,1,0.18,0.46,0.46,0.46,theft,
1065,14,0.18,24.5000,25.76,38.02,0.36,8,1.15,1,0.97,-0.00,0.00,-0.00,normal,
1066,14,0.97,24.0333,10.78,42.88,0.30,7,0.40,1,0.67,0.40,0.40,0.40,missing_purchase,
1067,14,0.67,23.5667,12.26,50.19,0.10,1,0.13,1,0.22,0.48,0.48,0.48,theft,
1068,14,0.22,24.1167,15.13,46.16,0.08,5,0.00,0,0.09,0.05,0.05,0.05,evaporation,
1069,14,0.09,23.9667,6.26,55.89,0.27,3,1.46,1,1.25,0.03,0.03,0.03,evaporation,
1070,14,1.25,24.0667,19.29,64.03,0.07,8,1.24,1,1.18,1.24,1.24,1.24,missing_purchase,
1071,14,1.18,24.3833,14.31,56.33,0.11,1,0.00,0,0.05,1.02,1.02,1.02,theft,
1072,14,0.05,24.0000,9.10,46.27,0.68,4,1.46,1,0.00,0.83,0.83,0.83,missing_purchase,
1073,14,0.00,24.1167,17.61,47.03,0.05,2,0.85,1,0.74,0.06,0.06,0.06,evaporation,
1074,14,0.74,23.6167,17.46,58.13,0.29,4,0.00,0,0.45,0.00,0.00,0.00,normal,
1075,14,0.45,24.3500,9.77,57.05,0.14,5,0.35,1,0.02,0.64,0.64,0.64,theft,
1076,14,0.02,24.2500,11.79,46.15,0.32,8,1.97,1,0.00,1.67,1.67,1.67,missing_purchase,
1077,14,0.00,24.1333,9.93,62.85,0.39,1,1.39,1,0.96,0.04,0.04,0.04,evaporation,
1078,14,0.96,24.2167,7.60,53.89,0.55,7,1.48,1,0.41,1.48,1.48,1.48,missing_purchase,
1079,14,0.41,24.0667,6.22,61.92,0.11,8,0.00,0,0.27,0.03,0.03,0.03,evaporation,
1080,14,0.27,23.8667,19.58,49.41,0.06,1,0.00,0,0.22,-0.01,0.01,-0.01,normal,
1081,14,0.22,23.8833,19.04,51.11,0.03,5,0.68,1,0.19,0.68,0.68,0.68,missing_purchase,
1082,14,0.19,24.2167,18.82,48.95,0.17,4,0.96,1,0.92,0.06,0.06,0.06,evaporation,
1083,14,0.92,24.0167,19.51,40.92,0.29,10,0.00,0,0.56,0.07,0.07,0.07,evaporation,
1084,14,0.56,23.7000,19.76,55.96,0.25,3,0.49,1,0.80,0.00,0.00,0.00,normal,
1085,14,0.80,24.2000,16.08,56.80,0.08,10,0.00,0,0.73,-0.01,0.01,-0.01,normal,
1086,14,0.73,23.5667,6.91,63.34,0.29,5,0.00,0,0.45,-0.01,0.01,-0.01,normal,
1087,14,0.45,24.2167,5.35,64.25,0.53,9,1.45,1,0.00,1.37,1.37,1.37,missing_purchase,
1088,14,0.00,24.4333,11.81,63.45,0.10,1,0.25,1,0.14,0.01,0.01,0.01,normal,
1089,14,0.14,23.8333,11.49,64.88,0.26,6,1.05,1,0.93,-0.00,0.00,-0.00,normal,
1090,14,0.93,23.5333,18.26,45.61,0.34,1,0.69,1,1.22,0.06,0.06,0.06,evaporation,
1091,14,1.22,23.8500,6.23,54.30,1.04,7,1.13,1,1.28,0.03,0.03,0.03,evaporation,
1092,14,1.28,24.4667,8.75,44.11,0.12,8,0.98,1,2.10,0.04,0.04,0.04,evaporation,
1093,14,2.10,23.5167,13.89,55.66,0.33,5,0.00,0,1.03,0.74,0.74,0.74,theft,
1094,14,1.03,24.0000,8.58,48.52,0.58,2,0.57,1,1.02,0.00,0.00,0.00,normal,
1095,14,1.02,24.1500,11.58,42.39,0.07,1,0.00,0,0.94,0.01,0.01,0.01,normal,
